Pos.,Player,Caps,Goals,Club,Country,team_id,Leauge_country
GK,Hernán Galíndez,12,0,Aucas,Ecuador,1156.0,Equador
DF,Félix Torres,17,2,Santos Laguna,Ecuador,2285.0,mexico
DF,Piero Hincapié,21,1,Bayer Leverkusen,Ecuador,168.0,Germany
DF,Robert Arboleda,33,2,São Paulo,Ecuador,,
MF,José Cifuentes,11,0,Los Angeles FC,Ecuador,1616.0,USA
DF,William Pacho,0,0,Antwerp,Ecuador,740.0,Belgium
DF,Pervis Estupiñán,28,3,Brighton & Hove Albion,Ecuador,,
MF,Carlos Gruezo,46,1,FC Augsburg,Ecuador,170.0,Germany
MF,Ayrton Preciado,27,3,Santos Laguna,Ecuador,2285.0,mexico
MF,Romario Ibarra,25,3,Pachuca,Ecuador,2292.0,mexico
FW,Michael Estrada,36,8,Cruz Azul,Ecuador,2295.0,mexico
GK,Moisés Ramírez,2,0,Independiente del Valle,Ecuador,1153.0,Equador
FW,Enner Valencia (captain),74,35,Fenerbahçe,Ecuador,,
DF,Xavier Arreaga,18,1,Seattle Sounders FC,Ecuador,,
MF,Ángel Mena,46,7,León,Ecuador,,
MF,Jeremy Sarmiento,9,0,Brighton & Hove Albion,Ecuador,,
DF,Ángelo Preciado,24,0,Genk,Ecuador,742.0,Belgium
DF,Diego Palacios,12,0,Los Angeles FC,Ecuador,1616.0,USA
MF,Gonzalo Plata,30,5,Valladolid,Ecuador,720.0,Spain
MF,Sebas Méndez,32,0,Los Angeles FC,Ecuador,1616.0,USA
MF,Alan Franco,25,1,Talleres,Ecuador,,
GK,Alexander Domínguez,68,0,LDU Quito,Ecuador,,
MF,Moisés Caicedo,25,2,Brighton & Hove Albion,Ecuador,,
FW,Djorkaeff Reasco,4,0,Newell's Old Boys,Ecuador,,
DF,Jackson Porozo,5,0,Troyes,Ecuador,,
FW,Kevin Rodríguez,1,0,Imbabura,Ecuador,,
GK,Remko Pasveer,2,0,Ajax,Netherlands,194.0,netherlands
DF,Jurriën Timber,10,0,Ajax,Netherlands,194.0,netherlands
DF,Matthijs de Ligt,38,2,Bayern Munich,Netherlands,157.0,Germany
DF,Virgil van Dijk (captain),49,6,Liverpool,Netherlands,40.0,England
DF,Nathan Aké,29,3,Manchester City,Netherlands,50.0,England
DF,Stefan de Vrij,59,3,Internazionale,Netherlands,,
FW,Steven Bergwijn,24,7,Ajax,Netherlands,194.0,netherlands
FW,Cody Gakpo,9,3,PSV Eindhoven,Netherlands,197.0,netherlands
FW,Luuk de Jong,38,8,PSV Eindhoven,Netherlands,197.0,netherlands
FW,Memphis Depay,81,42,Barcelona,Netherlands,529.0,Spain
MF,Steven Berghuis,39,2,Ajax,Netherlands,194.0,netherlands
FW,Noa Lang,5,1,Club Brugge,Netherlands,,
GK,Justin Bijlow,6,0,Feyenoord,Netherlands,209.0,netherlands
MF,Davy Klaassen,35,9,Ajax,Netherlands,194.0,netherlands
MF,Marten de Roon,30,0,Atalanta,Netherlands,499.0,Italy
DF,Tyrell Malacia,6,0,Manchester United,Netherlands,33.0,England
DF,Daley Blind,94,2,Ajax,Netherlands,194.0,netherlands
FW,Vincent Janssen,20,7,Antwerp,Netherlands,740.0,Belgium
FW,Wout Weghorst,15,3,Beşiktaş,Netherlands,,
MF,Teun Koopmeiners,10,1,Atalanta,Netherlands,499.0,Italy
MF,Frenkie de Jong,45,1,Barcelona,Netherlands,529.0,Spain
DF,Denzel Dumfries,37,5,Internazionale,Netherlands,,
GK,Andries Noppert,0,0,Heerenveen,Netherlands,210.0,netherlands
MF,Kenneth Taylor,2,0,Ajax,Netherlands,194.0,netherlands
MF,Xavi Simons,0,0,PSV Eindhoven,Netherlands,197.0,netherlands
DF,Jeremie Frimpong,0,0,Bayer Leverkusen,Netherlands,168.0,Germany
GK,Wojciech Szczęsny,66,0,Juventus,Poland,496.0,Italy
DF,Matty Cash,7,1,Aston Villa,Poland,66.0,England
DF,Artur Jędrzejczyk,40,3,Legia Warsaw,Poland,,
DF,Mateusz Wieteska,2,0,Clermont,Poland,,
DF,Jan Bednarek,45,1,Aston Villa,Poland,66.0,England
MF,Krystian Bielik,5,0,Birmingham City,Poland,,
FW,Arkadiusz Milik,64,16,Juventus,Poland,496.0,Italy
MF,Damian Szymański,9,1,AEK Athens,Poland,,
FW,Robert Lewandowski (captain),134,76,Barcelona,Poland,529.0,Spain
MF,Grzegorz Krychowiak,94,5,Al-Shabab,Poland,,
MF,Kamil Grosicki,87,17,Pogoń Szczecin,Poland,,
GK,Łukasz Skorupski,8,0,Bologna,Poland,500.0,Italy
MF,Jakub Kamiński,4,1,VfL Wolfsburg,Poland,161.0,Germany
DF,Jakub Kiwior,5,0,Spezia,Poland,515.0,Italy
DF,Kamil Glik,99,6,Benevento,Poland,506.0,Italy
FW,Karol Świderski,18,8,Charlotte FC,Poland,,
MF,Szymon Żurkowski,7,0,Fiorentina,Poland,502.0,Italy
DF,Bartosz Bereszyński,46,0,Sampdoria,Poland,498.0,Italy
MF,Sebastian Szymański,18,1,Feyenoord,Poland,209.0,netherlands
MF,Piotr Zieliński,74,9,Napoli,Poland,492.0,Italy
MF,Nicola Zalewski,7,0,Roma,Poland,,
GK,Kamil Grabara,1,0,Copenhagen,Poland,,
FW,Krzysztof Piątek,25,11,Salernitana,Poland,514.0,Italy
MF,Przemysław Frankowski,26,1,Lens,Poland,116.0,France
DF,Robert Gumny,5,0,FC Augsburg,Poland,170.0,Germany
MF,Michał Skóraś,1,0,Lech Poznań,Poland,,
GK,Mohammed Al-Rubaie,7,0,Al-Ahli,Saudi Arabia,,
DF,Sultan Al-Ghannam,24,0,Al-Nassr,Saudi Arabia,2939.0,Saudi Arabia
DF,Abdullah Madu,15,0,Al-Nassr,Saudi Arabia,2939.0,Saudi Arabia
DF,Abdulelah Al-Amri,20,1,Al-Nassr,Saudi Arabia,2939.0,Saudi Arabia
DF,Ali Al-Bulaihi,37,0,Al-Hilal,Saudi Arabia,,
DF,Mohammed Al-Breik,40,1,Al-Hilal,Saudi Arabia,,
MF,Salman Al-Faraj (captain),70,8,Al-Hilal,Saudi Arabia,,
MF,Abdulellah Al-Malki,27,0,Al-Hilal,Saudi Arabia,,
FW,Firas Al-Buraikan,26,6,Al-Fateh,Saudi Arabia,2931.0,Saudi Arabia
FW,Salem Al-Dawsari,71,17,Al-Hilal,Saudi Arabia,,
FW,Saleh Al-Shehri,20,10,Al-Hilal,Saudi Arabia,,
DF,Saud Abdulhamid,23,1,Al-Hilal,Saudi Arabia,,
DF,Yasser Al-Shahrani,72,2,Al-Hilal,Saudi Arabia,,
MF,Abdullah Otayf,45,1,Al-Hilal,Saudi Arabia,,
MF,Ali Al-Hassan,13,1,Al-Nassr,Saudi Arabia,2939.0,Saudi Arabia
MF,Sami Al-Najei,17,2,Al-Nassr,Saudi Arabia,2939.0,Saudi Arabia
DF,Hassan Al-Tambakti,19,0,Al-Shabab,Saudi Arabia,,
MF,Nawaf Al-Abed,55,8,Al-Shabab,Saudi Arabia,,
FW,Hattan Bahebri,41,4,Al-Shabab,Saudi Arabia,,
FW,Abdulrahman Al-Aboud,3,0,Al-Ittihad,Saudi Arabia,,
GK,Mohammed Al-Owais,42,0,Al-Hilal,Saudi Arabia,,
GK,Nawaf Al-Aqidi,0,0,Al-Nassr,Saudi Arabia,2939.0,Saudi Arabia
MF,Mohamed Kanno,38,1,Al-Hilal,Saudi Arabia,,
MF,Nasser Al-Dawsari,10,0,Al-Hilal,Saudi Arabia,,
FW,Haitham Asiri,8,1,Al-Ahli,Saudi Arabia,,
MF,Riyadh Sharahili,5,0,Abha,Saudi Arabia,2951.0,Saudi Arabia
GK,Mathew Ryan (captain),75,0,Copenhagen,Australia,,
DF,Miloš Degenek,38,1,Columbus Crew,Australia,1613.0,USA
DF,Nathaniel Atkinson,5,0,Heart of Midlothian,Australia,,
DF,Kye Rowles,3,0,Heart of Midlothian,Australia,,
DF,Fran Karačić,11,1,Brescia,Australia,518.0,Italy
FW,Martin Boyle,19,5,Hibernian,Australia,249.0,Scotland
FW,Mathew Leckie,73,13,Melbourne City,Australia,945.0,Australia
DF,Bailey Wright,27,2,Sunderland,Australia,746.0,England
FW,Jamie Maclaren,26,8,Melbourne City,Australia,945.0,Australia
MF,Ajdin Hrustic,20,3,Hellas Verona,Australia,,
FW,Awer Mabil,29,8,Cádiz,Australia,,
GK,Andrew Redmayne,4,0,Sydney FC,Australia,,
MF,Aaron Mooy,53,7,Celtic,Australia,247.0,Scotland
MF,Riley McGree,11,1,Middlesbrough,Australia,70.0,England
FW,Mitchell Duke,21,8,Fagiano Okayama,Australia,,
DF,Aziz Behich,53,2,Dundee United,Australia,,
MF,Cameron Devlin,1,0,Heart of Midlothian,Australia,,
GK,Danny Vukovic,4,0,Central Coast Mariners,Australia,941.0,Australia
DF,Harry Souttar,10,6,Stoke City,Australia,75.0,England
DF,Thomas Deng,2,0,Albirex Niigata,Australia,,
FW,Garang Kuol,1,0,Central Coast Mariners,Australia,941.0,Australia
MF,Jackson Irvine,49,7,FC St. Pauli,Australia,186.0,Germany
FW,Craig Goodwin,10,1,Adelaide United,Australia,948.0,Australia
DF,Joel King,4,0,OB,Australia,,
FW,Jason Cummings,1,1,Central Coast Mariners,Australia,941.0,Australia
MF,Keanu Baccus,1,0,St Mirren,Australia,,
GK,Kasper Schmeichel,86,0,Nice,Denmark,84.0,France
DF,Joachim Andersen,19,0,Crystal Palace,Denmark,52.0,England
DF,Victor Nelsson,7,0,Galatasaray,Denmark,645.0,Turkey
DF,Simon Kjær (captain),121,5,Milan,Denmark,,
DF,Joakim Mæhle,31,9,Atalanta,Denmark,499.0,Italy
DF,Andreas Christensen,58,2,Barcelona,Denmark,529.0,Spain
MF,Mathias Jensen,20,1,Brentford,Denmark,55.0,England
MF,Thomas Delaney,71,7,Sevilla,Denmark,536.0,Spain
FW,Martin Braithwaite,62,10,Espanyol,Denmark,540.0,Spain
MF,Christian Eriksen,117,39,Manchester United,Denmark,33.0,England
MF,Andreas Skov Olsen,23,8,Club Brugge,Denmark,,
FW,Kasper Dolberg,37,11,Sevilla,Denmark,536.0,Spain
DF,Rasmus Kristensen,10,0,Leeds United,Denmark,,
MF,Mikkel Damsgaard,18,4,Brentford,Denmark,55.0,England
MF,Christian Nørgaard,17,1,Brentford,Denmark,55.0,England
GK,Oliver Christensen,1,0,Hertha BSC,Denmark,,
DF,Jens Stryger Larsen,49,3,Trabzonspor,Denmark,998.0,Turkey
DF,Daniel Wass,44,1,Brøndby,Denmark,,
FW,Jonas Wind,15,5,VfL Wolfsburg,Denmark,161.0,Germany
FW,Yussuf Poulsen,68,11,RB Leipzig,Denmark,173.0,Germany
FW,Andreas Cornelius,41,9,Copenhagen,Denmark,,
GK,Frederik Rønnow,8,0,Union Berlin,Denmark,182.0,Germany
MF,Pierre-Emile Højbjerg,60,5,Tottenham Hotspur,Denmark,,
MF,Robert Skov,11,5,1899 Hoffenheim,Denmark,167.0,Germany
MF,Jesper Lindstrøm,6,1,Eintracht Frankfurt,Denmark,169.0,Germany
DF,Alexander Bah,4,1,Benfica,Denmark,211.0,Portugal
GK,Hugo Lloris (captain),139,0,Tottenham Hotspur,France,,
DF,Benjamin Pavard,46,2,Bayern Munich,France,157.0,Germany
DF,Axel Disasi,0,0,Monaco,France,91.0,France
DF,Raphaël Varane,87,5,Manchester United,France,33.0,England
DF,Jules Koundé,12,0,Barcelona,France,529.0,Spain
MF,Matteo Guendouzi,6,1,Marseille,France,81.0,France
FW,Antoine Griezmann,110,42,Atlético Madrid,France,,
MF,Aurélien Tchouaméni,14,1,Real Madrid,France,541.0,Spain
FW,Olivier Giroud,114,49,Milan,France,,
FW,Kylian Mbappé,59,28,Paris Saint-Germain,France,,
FW,Ousmane Dembélé,28,4,Barcelona,France,529.0,Spain
FW,Randal Kolo Muani,2,0,Eintracht Frankfurt,France,169.0,Germany
MF,Youssouf Fofana,2,0,Monaco,France,91.0,France
MF,Adrien Rabiot,29,2,Juventus,France,496.0,Italy
MF,Jordan Veretout,5,0,Marseille,France,81.0,France
GK,Steve Mandanda,34,0,Rennes,France,94.0,France
DF,William Saliba,7,0,Arsenal,France,42.0,England
DF,Dayot Upamecano,7,1,Bayern Munich,France,157.0,Germany
FW,Karim Benzema,97,37,Real Madrid,France,541.0,Spain
FW,Kingsley Coman,40,5,Bayern Munich,France,157.0,Germany
DF,Lucas Hernandez,32,0,Bayern Munich,France,157.0,Germany
DF,Theo Hernandez,7,1,Milan,France,,
GK,Alphonse Areola,5,0,West Ham United,France,,
DF,Ibrahima Konaté,2,0,Liverpool,France,40.0,England
MF,Eduardo Camavinga,4,1,Real Madrid,France,541.0,Spain
FW,Marcus Thuram,4,0,Borussia Mönchengladbach,France,,
GK,Aymen Mathlouthi,73,0,Étoile du Sahel,Tunisia,,
DF,Bilel Ifa,37,0,Kuwait SC,Tunisia,,
DF,Montassar Talbi,23,1,Lorient,Tunisia,97.0,France
DF,Yassine Meriah,61,3,Espérance de Tunis,Tunisia,,
MF,Nader Ghandri,8,0,Club Africain,Tunisia,988.0,Tunisia
DF,Dylan Bronn,36,2,Salernitana,Tunisia,514.0,Italy
FW,Youssef Msakni (captain),88,17,Al-Arabi,Tunisia,,
MF,Hannibal Mejbri,19,0,Birmingham City,Tunisia,,
FW,Issam Jebali,10,2,OB,Tunisia,,
FW,Wahbi Khazri,72,24,Montpellier,Tunisia,82.0,France
FW,Taha Yassine Khenissi,48,9,Kuwait SC,Tunisia,,
DF,Ali Maâloul,83,2,Al Ahly,Tunisia,1577.0,Egypt
MF,Ferjani Sassi,78,6,Al-Duhail,Tunisia,,
MF,Aïssa Laïdouni,25,1,Ferencváros,Tunisia,,
MF,Mohamed Ali Ben Romdhane,23,1,Espérance de Tunis,Tunisia,,
GK,Aymen Dahmen,5,0,CS Sfaxien,Tunisia,983.0,Tunisia
MF,Ellyes Skhiri,49,3,1. FC Köln,Tunisia,,
MF,Ghailene Chaalali,31,1,Espérance de Tunis,Tunisia,,
FW,Seifeddine Jaziri,29,10,Zamalek,Tunisia,,
DF,Mohamed Dräger,34,3,Luzern,Tunisia,,
DF,Wajdi Kechrida,19,0,Atromitos,Tunisia,12260.0,Greece
GK,Bechir Ben Saïd,10,0,US Monastir,Tunisia,,
FW,Naïm Sliti,69,14,Al-Ettifaq,Tunisia,2934.0,Saudi Arabia
DF,Ali Abdi,10,2,Caen,Tunisia,88.0,France
FW,Anis Ben Slimane,25,4,Brøndby,Tunisia,,
GK,Mouez Hassen,20,0,Club Africain,Tunisia,988.0,Tunisia
GK,Keylor Navas,107,0,Paris Saint-Germain,Costa Rica,,
MF,Daniel Chacón,8,0,Cartaginés,Costa Rica,,
DF,Juan Pablo Vargas,12,1,Millonarios,Costa Rica,1125.0,Colombia
DF,Keysher Fuller,31,2,Herediano,Costa Rica,,
MF,Celso Borges,155,27,Alajuelense,Costa Rica,,
DF,Óscar Duarte,71,4,Al-Wehda,Costa Rica,,
FW,Anthony Contreras,9,2,Herediano,Costa Rica,,
DF,Bryan Oviedo,76,2,Real Salt Lake,Costa Rica,1606.0,USA
MF,Jewison Bennette,7,2,Sunderland,Costa Rica,746.0,England
MF,Bryan Ruiz (captain),146,29,Alajuelense,Costa Rica,,
FW,Johan Venegas,82,11,Alajuelense,Costa Rica,,
FW,Joel Campbell,119,25,León,Costa Rica,,
MF,Gerson Torres,13,1,Herediano,Costa Rica,,
MF,Youstin Salas,4,0,Saprissa,Costa Rica,,
DF,Francisco Calvo,75,8,Konyaspor,Costa Rica,607.0,Turkey
DF,Carlos Martínez,7,0,San Carlos,Costa Rica,823.0,Costa rica
MF,Yeltsin Tejeda,73,0,Herediano,Costa Rica,,
GK,Esteban Alvarado,25,0,Herediano,Costa Rica,,
DF,Kendall Waston,63,9,Saprissa,Costa Rica,,
MF,Brandon Aguilera,4,0,Guanacasteca,Costa Rica,,
MF,Douglas López,3,0,Herediano,Costa Rica,,
DF,Rónald Matarrita,52,3,FC Cincinnati,Costa Rica,2242.0,USA
GK,Patrick Sequeira,2,0,Lugo,Costa Rica,716.0,Spain
MF,Roan Wilson,3,0,Municipal Grecia,Costa Rica,818.0,Costa rica
MF,Anthony Hernández,3,1,Puntarenas,Costa Rica,,
MF,Álvaro Zamora,3,0,Saprissa,Costa Rica,,
GK,Manuel Neuer (captain),114,0,Bayern Munich,Germany,157.0,Germany
DF,Antonio Rüdiger,54,2,Real Madrid,Germany,541.0,Spain
DF,David Raum,12,0,RB Leipzig,Germany,173.0,Germany
DF,Matthias Ginter,47,2,SC Freiburg,Germany,160.0,Germany
DF,Thilo Kehrer,23,0,West Ham United,Germany,,
MF,Joshua Kimmich,71,5,Bayern Munich,Germany,157.0,Germany
FW,Kai Havertz,31,10,Chelsea,Germany,49.0,England
MF,Leon Goretzka,45,14,Bayern Munich,Germany,157.0,Germany
FW,Niclas Füllkrug,1,1,Werder Bremen,Germany,162.0,Germany
FW,Serge Gnabry,36,20,Bayern Munich,Germany,157.0,Germany
MF,Mario Götze,63,17,Eintracht Frankfurt,Germany,169.0,Germany
GK,Kevin Trapp,6,0,Eintracht Frankfurt,Germany,169.0,Germany
MF,Thomas Müller,118,44,Bayern Munich,Germany,157.0,Germany
MF,Jamal Musiala,17,1,Bayern Munich,Germany,157.0,Germany
DF,Niklas Süle,42,1,Borussia Dortmund,Germany,165.0,Germany
DF,Lukas Klostermann,19,0,RB Leipzig,Germany,173.0,Germany
MF,Julian Brandt,39,3,Borussia Dortmund,Germany,165.0,Germany
MF,Jonas Hofmann,17,4,Borussia Mönchengladbach,Germany,,
MF,Leroy Sané,48,11,Bayern Munich,Germany,157.0,Germany
DF,Christian Günter,7,0,SC Freiburg,Germany,160.0,Germany
MF,İlkay Gündoğan,63,16,Manchester City,Germany,50.0,England
GK,Marc-André ter Stegen,30,0,Barcelona,Germany,529.0,Spain
DF,Nico Schlotterbeck,6,0,Borussia Dortmund,Germany,165.0,Germany
FW,Karim Adeyemi,4,1,Borussia Dortmund,Germany,165.0,Germany
DF,Armel Bella-Kotchap,2,0,Southampton,Germany,41.0,England
FW,Youssoufa Moukoko,1,0,Borussia Dortmund,Germany,165.0,Germany
GK,Eiji Kawashima,95,0,Strasbourg,Japan,95.0,France
DF,Miki Yamane,15,2,Kawasaki Frontale,Japan,294.0,Japan
DF,Shogo Taniguchi,14,0,Kawasaki Frontale,Japan,294.0,Japan
DF,Ko Itakura,13,1,Borussia Mönchengladbach,Japan,,
DF,Yuto Nagatomo,138,4,FC Tokyo,Japan,292.0,Japan
MF,Wataru Endo,43,2,VfB Stuttgart,Japan,172.0,Germany
MF,Gaku Shibasaki,60,3,Leganés,Japan,,
MF,Ritsu Dōan,29,3,SC Freiburg,Japan,160.0,Germany
MF,Kaoru Mitoma,9,5,Brighton & Hove Albion,Japan,,
MF,Takumi Minamino,44,17,Monaco,Japan,91.0,France
MF,Takefusa Kubo,20,1,Real Sociedad,Japan,548.0,Spain
GK,Shūichi Gonda,34,0,Shimizu S-Pulse,Japan,,
MF,Hidemasa Morita,17,2,Sporting CP,Japan,228.0,Portugal
MF,Junya Ito,38,9,Reims,Japan,93.0,France
MF,Daichi Kamada,22,6,Eintracht Frankfurt,Japan,169.0,Germany
DF,Takehiro Tomiyasu,29,1,Arsenal,Japan,42.0,England
MF,Ao Tanaka,15,2,Fortuna Düsseldorf,Japan,,
FW,Takuma Asano,37,7,VfL Bochum,Japan,,
DF,Hiroki Sakai,72,1,Urawa Red Diamonds,Japan,,
FW,Shuto Machino,4,3,Shonan Bellmare,Japan,284.0,Japan
FW,Ayase Ueda,11,0,Cercle Brugge,Japan,741.0,Belgium
DF,Maya Yoshida (captain),122,12,Schalke 04,Japan,,
GK,Daniel Schmidt,11,0,Sint-Truiden,Japan,,
MF,Yuki Soma,8,4,Nagoya Grampus,Japan,288.0,Japan
FW,Daizen Maeda,8,1,Celtic,Japan,247.0,Scotland
DF,Hiroki Ito,6,0,VfB Stuttgart,Japan,172.0,Germany
GK,Robert Sánchez,2,0,Brighton & Hove Albion,Spain,,
DF,César Azpilicueta,42,1,Chelsea,Spain,49.0,England
DF,Eric García,19,0,Barcelona,Spain,529.0,Spain
DF,Pau Torres,22,1,Villarreal,Spain,533.0,Spain
MF,Sergio Busquets (captain),139,2,Barcelona,Spain,529.0,Spain
MF,Marcos Llorente,17,0,Atlético Madrid,Spain,,
FW,Álvaro Morata,57,27,Atlético Madrid,Spain,,
MF,Koke,68,0,Atlético Madrid,Spain,,
MF,Gavi,13,2,Barcelona,Spain,529.0,Spain
FW,Marco Asensio,31,1,Real Madrid,Spain,541.0,Spain
FW,Ferran Torres,31,13,Barcelona,Spain,529.0,Spain
FW,Nico Williams,3,1,Athletic Bilbao,Spain,,
GK,David Raya,2,0,Brentford,Spain,55.0,England
DF,Alejandro Balde,0,0,Barcelona,Spain,529.0,Spain
DF,Hugo Guillamón,3,1,Valencia,Spain,532.0,Spain
MF,Rodri,35,1,Manchester City,Spain,50.0,England
FW,Yeremy Pino,7,1,Villarreal,Spain,533.0,Spain
DF,Jordi Alba,87,9,Barcelona,Spain,529.0,Spain
MF,Carlos Soler,12,3,Paris Saint-Germain,Spain,,
DF,Dani Carvajal,31,0,Real Madrid,Spain,541.0,Spain
FW,Dani Olmo,25,4,RB Leipzig,Spain,173.0,Germany
FW,Pablo Sarabia,25,9,Paris Saint-Germain,Spain,,
GK,Unai Simón,27,0,Athletic Bilbao,Spain,,
DF,Aymeric Laporte,16,1,Manchester City,Spain,50.0,England
FW,Ansu Fati,5,2,Barcelona,Spain,529.0,Spain
MF,Pedri,14,0,Barcelona,Spain,529.0,Spain
GK,Saad Al-Sheeb,76,0,Al-Sadd,Qatar,,
DF,Ró-Ró,80,1,Al-Sadd,Qatar,,
MF,Abdelkarim Hassan,130,15,Al-Sadd,Qatar,,
DF,Mohammed Waad,21,0,Al-Sadd,Qatar,,
DF,Tarek Salman,58,0,Al-Sadd,Qatar,,
MF,Abdulaziz Hatem,107,11,Al-Rayyan,Qatar,,
FW,Ahmed Alaaeldin,47,2,Al-Gharafa,Qatar,2903.0,Qatar
MF,Ali Assadalla,59,12,Al-Sadd,Qatar,,
FW,Mohammed Muntari,48,13,Al-Duhail,Qatar,,
MF,Hassan Al-Haydos (captain),169,36,Al-Sadd,Qatar,,
FW,Akram Afif,89,26,Al-Sadd,Qatar,,
MF,Karim Boudiaf,115,6,Al-Duhail,Qatar,,
DF,Musab Kheder,30,0,Al-Sadd,Qatar,,
DF,Homam Ahmed,29,2,Al-Gharafa,Qatar,2903.0,Qatar
DF,Bassam Al-Rawi,58,2,Al-Duhail,Qatar,,
DF,Boualem Khoukhi,105,20,Al-Sadd,Qatar,,
DF,Ismaeel Mohammad,70,4,Al-Duhail,Qatar,,
FW,Khalid Muneer,2,0,Al-Wakrah,Qatar,,
FW,Almoez Ali,85,42,Al-Duhail,Qatar,,
MF,Salem Al-Hajri,22,0,Al-Sadd,Qatar,,
GK,Yousef Hassan,7,0,Al-Gharafa,Qatar,2903.0,Qatar
GK,Meshaal Barsham,20,0,Al-Sadd,Qatar,,
MF,Assim Madibo,43,0,Al-Duhail,Qatar,,
MF,Naif Al-Hadhrami,1,0,Al-Rayyan,Qatar,,
MF,Jassem Gaber,0,0,Al-Arabi,Qatar,,
MF,Mostafa Meshaal,1,0,Al-Sadd,Qatar,,
GK,Thibaut Courtois,97,0,Real Madrid,Belgium,541.0,Spain
DF,Toby Alderweireld,124,5,Antwerp,Belgium,740.0,Belgium
DF,Arthur Theate,4,0,Rennes,Belgium,94.0,France
DF,Wout Faes,1,0,Leicester City,Belgium,,
DF,Jan Vertonghen,142,9,Anderlecht,Belgium,554.0,Belgium
MF,Axel Witsel,127,12,Atlético Madrid,Belgium,,
MF,Kevin De Bruyne,94,25,Manchester City,Belgium,50.0,England
MF,Youri Tielemans,55,5,Leicester City,Belgium,,
FW,Romelu Lukaku,102,68,Internazionale,Belgium,,
FW,Eden Hazard (captain),123,33,Real Madrid,Belgium,541.0,Spain
FW,Yannick Carrasco,60,8,Atlético Madrid,Belgium,,
GK,Simon Mignolet,35,0,Club Brugge,Belgium,,
GK,Koen Casteels,4,0,VfL Wolfsburg,Belgium,161.0,Germany
FW,Dries Mertens,107,21,Galatasaray,Belgium,645.0,Turkey
MF,Thomas Meunier,59,8,Borussia Dortmund,Belgium,165.0,Germany
MF,Thorgan Hazard,45,9,Borussia Dortmund,Belgium,165.0,Germany
FW,Leandro Trossard,21,5,Brighton & Hove Albion,Belgium,,
MF,Amadou Onana,2,0,Everton,Belgium,45.0,England
DF,Leander Dendoncker,29,1,Aston Villa,Belgium,66.0,England
MF,Hans Vanaken,23,5,Club Brugge,Belgium,,
MF,Timothy Castagne,26,2,Leicester City,Belgium,,
FW,Charles De Ketelaere,10,1,Milan,Belgium,,
FW,Michy Batshuayi,48,26,Fenerbahçe,Belgium,,
FW,Loïs Openda,5,2,Lens,Belgium,116.0,France
FW,Jérémy Doku,11,2,Rennes,Belgium,94.0,France
DF,Zeno Debast,3,0,Anderlecht,Belgium,554.0,Belgium
GK,Dayne St. Clair,2,0,Minnesota United FC,Canada,1612.0,USA
DF,Alistair Johnston,30,1,CF Montréal,Canada,,
DF,Sam Adekugbe,34,1,Hatayspor,Canada,3575.0,Turkey
DF,Kamal Miller,29,0,CF Montréal,Canada,,
DF,Steven Vitória,35,4,Chaves,Canada,223.0,Portugal
MF,Samuel Piette,66,0,CF Montréal,Canada,,
MF,Stephen Eustáquio,26,3,Porto,Canada,,
MF,Liam Fraser,15,0,Deinze,Canada,6214.0,Belgium
FW,Lucas Cavallini,34,18,Vancouver Whitecaps FC,Canada,,
MF,Junior Hoilett,50,14,Reading,Canada,53.0,England
FW,Tajon Buchanan,26,4,Club Brugge,Canada,,
FW,Iké Ugbo,8,0,Troyes,Canada,,
MF,Atiba Hutchinson (captain),98,9,Beşiktaş,Canada,,
MF,Mark-Anthony Kaye,38,2,Toronto FC,Canada,1601.0,USA
MF,Ismaël Koné,6,1,CF Montréal,Canada,,
GK,James Pantemis,0,0,CF Montréal,Canada,,
FW,Cyle Larin,55,25,Club Brugge,Canada,,
GK,Milan Borjan,68,0,Red Star Belgrade,Canada,,
FW,Alphonso Davies,34,12,Bayern Munich,Canada,157.0,Germany
FW,Jonathan David,35,22,Lille,Canada,79.0,France
MF,Jonathan Osorio,57,7,Toronto FC,Canada,1601.0,USA
DF,Richie Laryea,34,1,Toronto FC,Canada,1601.0,USA
MF,Liam Millar,16,0,Basel,Canada,,
MF,David Wotherspoon,10,1,St Johnstone,Canada,,
DF,Derek Cornelius,14,0,Panetolikos,Canada,949.0,Greece
DF,Joel Waterman,2,0,CF Montréal,Canada,,
GK,Dominik Livaković,34,0,Dinamo Zagreb,Croatia,620.0,Croatia
DF,Josip Stanišić,7,0,Bayern Munich,Croatia,157.0,Germany
DF,Borna Barišić,28,1,Rangers,Croatia,257.0,Scotland
FW,Ivan Perišić,116,32,Tottenham Hotspur,Croatia,,
DF,Martin Erlić,4,0,Sassuolo,Croatia,488.0,Italy
DF,Dejan Lovren,72,5,Zenit Saint Petersburg,Croatia,596.0,Russia
MF,Lovro Majer,11,3,Rennes,Croatia,94.0,France
MF,Mateo Kovačić,84,3,Chelsea,Croatia,49.0,England
FW,Andrej Kramarić,74,20,1899 Hoffenheim,Croatia,167.0,Germany
MF,Luka Modrić (captain),155,23,Real Madrid,Croatia,541.0,Spain
MF,Marcelo Brozović,77,7,Internazionale,Croatia,,
GK,Ivo Grbić,2,0,Atlético Madrid,Croatia,,
MF,Nikola Vlašić,42,7,Torino,Croatia,503.0,Italy
FW,Marko Livaja,14,3,Hajduk Split,Croatia,,
MF,Mario Pašalić,43,7,Atalanta,Croatia,499.0,Italy
FW,Bruno Petković,23,6,Dinamo Zagreb,Croatia,620.0,Croatia
FW,Ante Budimir,15,1,Osasuna,Croatia,727.0,Spain
FW,Mislav Oršić,21,1,Dinamo Zagreb,Croatia,620.0,Croatia
DF,Borna Sosa,8,1,VfB Stuttgart,Croatia,172.0,Germany
DF,Joško Gvardiol,12,1,RB Leipzig,Croatia,173.0,Germany
DF,Domagoj Vida,100,4,AEK Athens,Croatia,,
DF,Josip Juranović,21,0,Celtic,Croatia,247.0,Scotland
GK,Ivica Ivušić,5,0,Osijek,Croatia,,
DF,Josip Šutalo,3,0,Dinamo Zagreb,Croatia,620.0,Croatia
MF,Luka Sučić,4,0,Red Bull Salzburg,Croatia,571.0,Austria
MF,Kristijan Jakić,4,0,Eintracht Frankfurt,Croatia,169.0,Germany
GK,Yassine Bounou,46,0,Sevilla,Morocco,536.0,Spain
DF,Achraf Hakimi,54,8,Paris Saint-Germain,Morocco,,
DF,Noussair Mazraoui,15,2,Bayern Munich,Morocco,157.0,Germany
MF,Sofyan Amrabat,39,0,Fiorentina,Morocco,502.0,Italy
DF,Nayef Aguerd,22,1,West Ham United,Morocco,,
DF,Romain Saïss (captain),66,1,Beşiktaş,Morocco,,
MF,Hakim Ziyech,43,18,Chelsea,Morocco,49.0,England
MF,Azzedine Ounahi,10,2,Angers,Morocco,77.0,France
FW,Abderrazak Hamdallah,18,6,Al-Ittihad,Morocco,,
MF,Anass Zaroury,1,0,Burnley,Morocco,44.0,England
FW,Abdelhamid Sabiri,2,1,Sampdoria,Morocco,498.0,Italy
GK,Munir Mohamedi,43,0,Al-Wehda,Morocco,,
MF,Ilias Chair,11,1,Queens Park Rangers,Morocco,,
MF,Zakaria Aboukhlal,12,2,Toulouse,Morocco,96.0,France
MF,Selim Amallah,24,4,Standard Liège,Morocco,,
FW,Abde Ezzalzouli,2,0,Osasuna,Morocco,727.0,Spain
MF,Sofiane Boufal,32,6,Angers,Morocco,77.0,France
DF,Jawad El Yamiq,12,2,Valladolid,Morocco,720.0,Spain
FW,Youssef En-Nesyri,50,15,Sevilla,Morocco,536.0,Spain
DF,Achraf Dari,4,0,Brest,Morocco,,
FW,Walid Cheddira,2,0,Bari,Morocco,508.0,Italy
GK,Ahmed Reda Tagnaouti,3,0,Wydad AC,Morocco,968.0,Morocco
MF,Bilal El Khannous,0,0,Genk,Morocco,742.0,Belgium
DF,Badr Benoun,3,0,Qatar SC,Morocco,2907.0,Qatar
DF,Yahia Attiyat Allah,2,0,Wydad AC,Morocco,968.0,Morocco
MF,Yahya Jabrane,5,0,Wydad AC,Morocco,968.0,Morocco
GK,Alisson,57,0,Liverpool,Brazil,40.0,England
DF,Danilo,46,1,Juventus,Brazil,496.0,Italy
DF,Thiago Silva (captain),109,7,Chelsea,Brazil,49.0,England
DF,Marquinhos,71,5,Paris Saint-Germain,Brazil,,
MF,Casemiro,65,5,Manchester United,Brazil,33.0,England
DF,Alex Sandro,37,2,Juventus,Brazil,496.0,Italy
MF,Lucas Paquetá,35,7,West Ham United,Brazil,,
MF,Fred,28,0,Manchester United,Brazil,33.0,England
FW,Richarlison,38,17,Tottenham Hotspur,Brazil,,
FW,Neymar,121,75,Paris Saint-Germain,Brazil,,
FW,Raphinha,11,5,Barcelona,Brazil,529.0,Spain
GK,Weverton,8,0,Palmeiras,Brazil,121.0,Brazil
DF,Dani Alves,124,8,UNAM,Brazil,,
DF,Éder Militão,23,1,Real Madrid,Brazil,541.0,Spain
MF,Fabinho,28,0,Liverpool,Brazil,40.0,England
DF,Alex Telles,8,0,Sevilla,Brazil,536.0,Spain
MF,Bruno Guimarães,8,1,Newcastle United,Brazil,,
FW,Gabriel Jesus,56,19,Arsenal,Brazil,42.0,England
FW,Antony,11,2,Manchester United,Brazil,33.0,England
FW,Vinícius Júnior,16,1,Real Madrid,Brazil,541.0,Spain
FW,Rodrygo,7,1,Real Madrid,Brazil,541.0,Spain
MF,Éverton Ribeiro,21,3,Flamengo,Brazil,127.0,Brazil
GK,Ederson,18,0,Manchester City,Brazil,50.0,England
DF,Bremer,1,0,Juventus,Brazil,496.0,Italy
FW,Pedro,2,1,Flamengo,Brazil,127.0,Brazil
FW,Gabriel Martinelli,3,0,Arsenal,Brazil,42.0,England
GK,Simon Ngapandouetnbu,0,0,Marseille,Cameroon,81.0,France
DF,Jerome Ngom Mbekeli,2,0,Colombe Sportive,Cameroon,,
DF,Nicolas Nkoulou,78,2,Aris,Cameroon,3408.0,Cyprus
DF,Christopher Wooh,3,0,Rennes,Cameroon,94.0,France
MF,Gaël Ondoua,4,0,Hannover 96,Cameroon,166.0,Germany
FW,Moumi Ngamaleu,42,4,Dynamo Moscow,Cameroon,,
MF,Georges-Kévin Nkoudou,2,0,Beşiktaş,Cameroon,,
MF,André-Frank Zambo Anguissa,43,5,Napoli,Cameroon,492.0,Italy
FW,Jean-Pierre Nsame,4,0,Young Boys,Cameroon,,
FW,Vincent Aboubakar (captain),91,33,Al-Nassr,Cameroon,2939.0,Saudi Arabia
FW,Christian Bassogog,43,7,Shanghai Shenhua,Cameroon,833.0,China
FW,Karl Toko Ekambi,51,12,Lyon,Cameroon,80.0,France
FW,Eric Maxim Choupo-Moting,69,19,Bayern Munich,Cameroon,157.0,Germany
MF,Samuel Gouet,22,0,Mechelen,Cameroon,,
MF,Pierre Kunde,32,1,Olympiacos,Cameroon,,
GK,Devis Epassy,5,0,Abha,Cameroon,2951.0,Saudi Arabia
DF,Olivier Mbaizo,11,0,Philadelphia Union,Cameroon,1599.0,USA
MF,Martin Hongla,19,0,Hellas Verona,Cameroon,,
DF,Collins Fai,52,0,Al-Tai,Cameroon,,
FW,Bryan Mbeumo,3,0,Brentford,Cameroon,55.0,England
DF,Jean-Charles Castelletto,14,0,Nantes,Cameroon,83.0,France
MF,Olivier Ntcham,3,0,Swansea City,Cameroon,,
GK,André Onana,33,0,Internazionale,Cameroon,,
DF,Enzo Ebosse,2,0,Udinese,Cameroon,494.0,Italy
DF,Nouhou Tolo,18,0,Seattle Sounders FC,Cameroon,,
MF,Souaibou Marou,3,1,Coton Sport,Cameroon,,
GK,Marko Dmitrović,19,0,Sevilla,Serbia,536.0,Spain
DF,Strahinja Pavlović,22,1,Red Bull Salzburg,Serbia,571.0,Austria
DF,Strahinja Eraković,2,0,Red Star Belgrade,Serbia,,
DF,Nikola Milenković,39,3,Fiorentina,Serbia,502.0,Italy
DF,Miloš Veljković,21,0,Werder Bremen,Serbia,162.0,Germany
MF,Nemanja Maksimović,40,0,Getafe,Serbia,546.0,Spain
FW,Nemanja Radonjić,36,5,Torino,Serbia,503.0,Italy
MF,Nemanja Gudelj,49,1,Sevilla,Serbia,536.0,Spain
FW,Aleksandar Mitrović,76,50,Fulham,Serbia,36.0,England
FW,Dušan Tadić (captain),91,20,Ajax,Serbia,194.0,netherlands
FW,Luka Jović,29,10,Fiorentina,Serbia,502.0,Italy
GK,Predrag Rajković,28,0,Mallorca,Serbia,798.0,Spain
DF,Stefan Mitrović,35,0,Getafe,Serbia,546.0,Spain
MF,Andrija Živković,29,1,PAOK,Serbia,619.0,Greece
DF,Srđan Babić,2,0,Almería,Serbia,,
MF,Saša Lukić,32,2,Torino,Serbia,503.0,Italy
MF,Filip Kostić,50,3,Juventus,Serbia,496.0,Italy
FW,Dušan Vlahović,17,9,Juventus,Serbia,496.0,Italy
MF,Uroš Račić,9,0,Braga,Serbia,,
MF,Sergej Milinković-Savić,36,6,Lazio,Serbia,487.0,Italy
FW,Filip Đuričić,37,5,Sampdoria,Serbia,498.0,Italy
MF,Darko Lazović,26,1,Hellas Verona,Serbia,,
GK,Vanja Milinković-Savić,7,0,Torino,Serbia,503.0,Italy
MF,Ivan Ilić,6,0,Hellas Verona,Serbia,,
DF,Filip Mladenović,20,1,Legia Warsaw,Serbia,,
MF,Marko Grujić,18,0,Porto,Serbia,,
GK,Yann Sommer,77,0,Borussia Mönchengladbach,Switzerland,,
DF,Edimilson Fernandes,22,2,Mainz 05,Switzerland,,
DF,Silvan Widmer,34,2,Mainz 05,Switzerland,,
DF,Nico Elvedi,41,1,Borussia Mönchengladbach,Switzerland,,
DF,Manuel Akanji,43,1,Manchester City,Switzerland,50.0,England
MF,Denis Zakaria,43,3,Chelsea,Switzerland,49.0,England
FW,Breel Embolo,59,11,Monaco,Switzerland,91.0,France
MF,Remo Freuler,49,5,Nottingham Forest,Switzerland,65.0,England
FW,Haris Seferovic,89,25,Galatasaray,Switzerland,645.0,Turkey
MF,Granit Xhaka (captain),107,12,Arsenal,Switzerland,42.0,England
DF,Renato Steffen,28,1,Lugano,Switzerland,,
GK,Jonas Omlin,4,0,Montpellier,Switzerland,82.0,France
DF,Ricardo Rodriguez,100,9,Torino,Switzerland,503.0,Italy
MF,Michel Aebischer,12,0,Bologna,Switzerland,500.0,Italy
MF,Djibril Sow,32,0,Eintracht Frankfurt,Switzerland,169.0,Germany
MF,Christian Fassnacht,16,4,Young Boys,Switzerland,,
FW,Ruben Vargas,27,4,FC Augsburg,Switzerland,170.0,Germany
DF,Eray Cömert,10,0,Valencia,Switzerland,532.0,Spain
FW,Noah Okafor,9,2,Red Bull Salzburg,Switzerland,571.0,Austria
MF,Fabian Frei,22,3,Basel,Switzerland,,
GK,Gregor Kobel,3,0,Borussia Dortmund,Switzerland,165.0,Germany
DF,Fabian Schär,73,8,Newcastle United,Switzerland,,
MF,Xherdan Shaqiri,109,26,Chicago Fire FC,Switzerland,,
GK,Philipp Köhn,0,0,Red Bull Salzburg,Switzerland,571.0,Austria
MF,Fabian Rieder,0,0,Young Boys,Switzerland,,
MF,Ardon Jashari,1,0,Luzern,Switzerland,,
GK,Lawrence Ati-Zigi,11,0,St. Gallen,Ghana,,
DF,Tariq Lamptey,2,0,Brighton & Hove Albion,Ghana,,
DF,Denis Odoi,4,0,Club Brugge,Ghana,,
DF,Mohammed Salisu,3,1,Southampton,Ghana,41.0,England
MF,Thomas Partey,40,13,Arsenal,Ghana,42.0,England
MF,Elisha Owusu,3,0,Gent,Ghana,631.0,Belgium
MF,Abdul Fatawu Issahaku,13,1,Sporting CP,Ghana,228.0,Portugal
MF,Daniel-Kofi Kyereh,15,0,SC Freiburg,Ghana,160.0,Germany
FW,Jordan Ayew,84,19,Crystal Palace,Ghana,52.0,England
FW,André Ayew (captain),110,23,Al-Sadd,Ghana,,
MF,Osman Bukari,7,1,Red Star Belgrade,Ghana,,
GK,Ibrahim Danlad,4,0,Asante Kotoko,Ghana,6411.0,Ghana
MF,Daniel Afriyie,7,3,Hearts of Oak,Ghana,12249.0,Ghana
DF,Gideon Mensah,12,0,Auxerre,Ghana,108.0,France
DF,Joseph Aidoo,11,0,Celta Vigo,Ghana,538.0,Spain
GK,Abdul Manaf Nurudeen,2,0,Eupen,Ghana,,
DF,Baba Rahman,48,1,Reading,Ghana,53.0,England
DF,Daniel Amartey,46,0,Leicester City,Ghana,,
FW,Iñaki Williams,3,0,Athletic Bilbao,Ghana,,
MF,Mohammed Kudus,18,4,Ajax,Ghana,194.0,netherlands
MF,Salis Abdul Samed,1,0,Lens,Ghana,116.0,France
MF,Kamaldeen Sulemana,13,0,Rennes,Ghana,94.0,France
DF,Alexander Djiku,18,1,Strasbourg,Ghana,95.0,France
MF,Kamal Sowah,1,0,Club Brugge,Ghana,,
FW,Antoine Semenyo,4,1,Bristol City,Ghana,56.0,England
DF,Alidu Seidu,4,0,Clermont,Ghana,,
GK,Rui Patrício,105,0,Roma,Portugal,,
DF,Diogo Dalot,7,2,Manchester United,Portugal,33.0,England
DF,Pepe,129,7,Porto,Portugal,,
DF,Rúben Dias,40,2,Manchester City,Portugal,50.0,England
DF,Raphaël Guerreiro,57,3,Borussia Dortmund,Portugal,165.0,Germany
MF,João Palhinha,15,2,Fulham,Portugal,36.0,England
FW,Cristiano Ronaldo (captain),191,117,Manchester United,Portugal,33.0,England
MF,Bruno Fernandes,49,11,Manchester United,Portugal,33.0,England
FW,André Silva,52,19,RB Leipzig,Portugal,173.0,Germany
FW,Bernardo Silva,73,8,Manchester City,Portugal,50.0,England
FW,João Félix,24,3,Atlético Madrid,Portugal,,
GK,José Sá,0,0,Wolverhampton Wanderers,Portugal,,
DF,Danilo Pereira,63,2,Paris Saint-Germain,Portugal,,
MF,William Carvalho,76,5,Real Betis,Portugal,543.0,Spain
FW,Rafael Leão,11,0,Milan,Portugal,,
MF,Vitinha,5,0,Paris Saint-Germain,Portugal,,
MF,João Mário,53,3,Benfica,Portugal,211.0,Portugal
MF,Rúben Neves,32,0,Wolverhampton Wanderers,Portugal,,
DF,Nuno Mendes,17,0,Paris Saint-Germain,Portugal,,
DF,João Cancelo,37,7,Manchester City,Portugal,50.0,England
FW,Ricardo Horta,6,1,Braga,Portugal,,
GK,Diogo Costa,7,0,Porto,Portugal,,
MF,Matheus Nunes,9,1,Wolverhampton Wanderers,Portugal,,
DF,António Silva,1,0,Benfica,Portugal,211.0,Portugal
MF,Otávio,8,2,Porto,Portugal,,
FW,Gonçalo Ramos,1,1,Benfica,Portugal,211.0,Portugal
GK,Seny Dieng,4,0,Queens Park Rangers,Senegal,,
DF,Formose Mendy,2,0,Amiens,Senegal,87.0,France
DF,Kalidou Koulibaly (captain),64,0,Chelsea,Senegal,49.0,England
DF,Pape Abou Cissé,13,1,Olympiacos,Senegal,,
MF,Idrissa Gueye,96,7,Everton,Senegal,45.0,England
MF,Nampalys Mendy,19,0,Leicester City,Senegal,,
FW,Nicolas Jackson,0,0,Villarreal,Senegal,533.0,Spain
DF,Cheikhou Kouyaté,83,4,Nottingham Forest,Senegal,65.0,England
FW,Boulaye Dia,19,3,Salernitana,Senegal,514.0,Italy
MF,Pathé Ciss,1,0,Rayo Vallecano,Senegal,728.0,Spain
DF,Fodé Ballo-Touré,14,0,Milan,Senegal,,
FW,Iliman Ndiaye,2,0,Sheffield United,Senegal,,
DF,Ismail Jakobs,2,0,Monaco,Senegal,91.0,France
MF,Krépin Diatta,26,2,Monaco,Senegal,91.0,France
GK,Édouard Mendy,25,0,Chelsea,Senegal,49.0,England
MF,Pape Matar Sarr,10,0,Tottenham Hotspur,Senegal,,
FW,Ismaïla Sarr,48,10,Watford,Senegal,38.0,England
FW,Famara Diédhiou,25,10,Alanyaspor,Senegal,996.0,Turkey
FW,Bamba Dieng,13,1,Marseille,Senegal,81.0,France
DF,Youssouf Sabaly,24,0,Real Betis,Senegal,543.0,Spain
DF,Abdou Diallo,18,2,RB Leipzig,Senegal,173.0,Germany
GK,Alfred Gomis,14,0,Rennes,Senegal,94.0,France
DF,Moustapha Name,6,0,Pafos,Senegal,3403.0,Cyprus
MF,Mamadou Loum,3,0,Reading,Senegal,53.0,England
MF,Pape Gueye,12,0,Marseille,Senegal,81.0,France
GK,Kim Seung-gyu,67,0,Al-Shabab,South Korea,,
DF,Yoon Jong-gyu,4,0,FC Seoul,South Korea,2766.0,South Korea
DF,Kim Jin-su,61,2,Jeonbuk Hyundai Motors,South Korea,,
DF,Kim Min-jae,44,3,Napoli,South Korea,492.0,Italy
MF,Jung Woo-young,66,3,Al-Sadd,South Korea,,
MF,Hwang In-beom,37,4,Olympiacos,South Korea,,
MF,Son Heung-min (captain),104,35,Tottenham Hotspur,South Korea,,
MF,Paik Seung-ho,14,2,Jeonbuk Hyundai Motors,South Korea,,
FW,Cho Gue-sung,16,4,Jeonbuk Hyundai Motors,South Korea,,
MF,Lee Jae-sung,64,9,Mainz 05,South Korea,,
MF,Hwang Hee-chan,49,9,Wolverhampton Wanderers,South Korea,,
GK,Song Bum-keun,1,0,Jeonbuk Hyundai Motors,South Korea,,
MF,Son Jun-ho,15,0,Shandong Taishan,South Korea,,
DF,Hong Chul,46,1,Daegu FC,South Korea,2747.0,South Korea
DF,Kim Moon-hwan,22,0,Jeonbuk Hyundai Motors,South Korea,,
FW,Hwang Ui-jo,49,16,Olympiacos,South Korea,,
MF,Na Sang-ho,24,2,FC Seoul,South Korea,2766.0,South Korea
MF,Lee Kang-in,6,0,Mallorca,South Korea,798.0,Spain
DF,Kim Young-gwon,96,6,Ulsan Hyundai,South Korea,,
DF,Kwon Kyung-won,28,2,Gamba Osaka,South Korea,293.0,Japan
GK,Jo Hyeon-woo,22,0,Ulsan Hyundai,South Korea,,
MF,Kwon Chang-hoon,42,12,Gimcheon Sangmu,South Korea,,
DF,Kim Tae-hwan,19,0,Ulsan Hyundai,South Korea,,
DF,Cho Yu-min,4,0,Daejeon Hana Citizen,South Korea,,
MF,Jeong Woo-yeong,9,2,SC Freiburg,South Korea,160.0,Germany
MF,Song Min-kyu,13,1,Jeonbuk Hyundai Motors,South Korea,,
GK,Fernando Muslera,133,0,Galatasaray,Uruguay,645.0,Turkey
DF,José Giménez,78,8,Atlético Madrid,Uruguay,,
DF,Diego Godín (captain),159,8,Vélez Sarsfield,Uruguay,,
DF,Ronald Araújo,12,0,Barcelona,Uruguay,529.0,Spain
MF,Matías Vecino,62,4,Lazio,Uruguay,487.0,Italy
MF,Rodrigo Bentancur,51,1,Tottenham Hotspur,Uruguay,,
MF,Nicolás de la Cruz,17,2,River Plate,Uruguay,435.0,Argentina
FW,Facundo Pellistri,7,0,Manchester United,Uruguay,33.0,England
FW,Luis Suárez,134,68,Nacional,Uruguay,,
MF,Giorgian de Arrascaeta,40,8,Flamengo,Uruguay,127.0,Brazil
FW,Darwin Núñez,13,3,Liverpool,Uruguay,40.0,England
GK,Sebastián Sosa,1,0,Independiente,Uruguay,453.0,Argentina
DF,Guillermo Varela,9,0,Flamengo,Uruguay,127.0,Brazil
MF,Lucas Torreira,40,0,Galatasaray,Uruguay,645.0,Turkey
MF,Federico Valverde,44,4,Real Madrid,Uruguay,541.0,Spain
DF,Mathías Olivera,8,0,Napoli,Uruguay,492.0,Italy
DF,Matías Viña,26,0,Roma,Uruguay,,
FW,Maxi Gómez,27,4,Trabzonspor,Uruguay,998.0,Turkey
DF,Sebastián Coates,47,1,Sporting CP,Uruguay,228.0,Portugal
FW,Facundo Torres,10,0,Orlando City SC,Uruguay,1598.0,USA
FW,Edinson Cavani,133,58,Valencia,Uruguay,532.0,Spain
DF,Martín Cáceres,115,4,LA Galaxy,Uruguay,,
GK,Sergio Rochet,8,0,Nacional,Uruguay,,
MF,Agustín Canobbio,3,0,Athletico Paranaense,Uruguay,,
MF,Manuel Ugarte,6,0,Sporting CP,Uruguay,228.0,Portugal
DF,José Luis Rodríguez,0,0,Nacional,Uruguay,,
GK,Jordan Pickford,45,0,Everton,England,45.0,England
DF,Kyle Walker,70,0,Manchester City,England,50.0,England
DF,Luke Shaw,23,3,Manchester United,England,33.0,England
MF,Declan Rice,34,2,West Ham United,England,,
DF,John Stones,59,3,Manchester City,England,50.0,England
DF,Harry Maguire,48,7,Manchester United,England,33.0,England
FW,Jack Grealish,24,1,Manchester City,England,50.0,England
MF,Jordan Henderson,70,2,Liverpool,England,40.0,England
FW,Harry Kane (captain),75,51,Tottenham Hotspur,England,,
FW,Raheem Sterling,79,19,Chelsea,England,49.0,England
FW,Marcus Rashford,46,12,Manchester United,England,33.0,England
DF,Kieran Trippier,37,1,Newcastle United,England,,
GK,Nick Pope,10,0,Newcastle United,England,,
MF,Kalvin Phillips,23,0,Manchester City,England,50.0,England
DF,Eric Dier,47,3,Tottenham Hotspur,England,,
DF,Conor Coady,10,1,Everton,England,45.0,England
FW,Bukayo Saka,20,4,Arsenal,England,42.0,England
DF,Trent Alexander-Arnold,17,1,Liverpool,England,40.0,England
MF,Mason Mount,32,5,Chelsea,England,49.0,England
MF,Phil Foden,18,2,Manchester City,England,50.0,England
DF,Ben White,4,0,Arsenal,England,42.0,England
MF,Jude Bellingham,17,0,Borussia Dortmund,England,165.0,Germany
GK,Aaron Ramsdale,3,0,Arsenal,England,42.0,England
FW,Callum Wilson,4,1,Newcastle United,England,,
MF,James Maddison,1,0,Leicester City,England,,
MF,Conor Gallagher,4,0,Chelsea,England,49.0,England
GK,Alireza Beiranvand,52,0,Persepolis,Iran,,
DF,Sadegh Moharrami,21,0,Dinamo Zagreb,Iran,620.0,Croatia
DF,Ehsan Hajsafi (captain),121,7,AEK Athens,Iran,,
DF,Shojae Khalilzadeh,25,1,Al-Ahli Doha,Iran,,
DF,Milad Mohammadi,45,1,AEK Athens,Iran,,
MF,Saeid Ezatolahi,47,1,Vejle,Iran,395.0,Denmark
MF,Alireza Jahanbakhsh,64,13,Feyenoord,Iran,209.0,netherlands
DF,Morteza Pouraliganji,46,3,Persepolis,Iran,,
FW,Mehdi Taremi,60,28,Porto,Iran,,
FW,Karim Ansarifard,94,29,Omonia,Iran,,
MF,Vahid Amiri,68,2,Persepolis,Iran,,
GK,Payam Niazmand,1,0,Sepahan,Iran,,
DF,Hossein Kanaanizadegan,35,2,Al-Ahli Doha,Iran,,
MF,Saman Ghoddos,33,2,Brentford,Iran,55.0,England
DF,Rouzbeh Cheshmi,19,1,Esteghlal,Iran,,
MF,Mehdi Torabi,36,7,Persepolis,Iran,,
MF,Ali Gholizadeh,26,6,Charleroi,Iran,736.0,Belgium
MF,Ali Karimi,13,0,Kayserispor,Iran,1001.0,Turkey
DF,Majid Hosseini,18,0,Kayserispor,Iran,1001.0,Turkey
FW,Sardar Azmoun,65,41,Bayer Leverkusen,Iran,168.0,Germany
MF,Ahmad Nourollahi,25,3,Shabab Al-Ahli,Iran,,
GK,Amir Abedzadeh,11,0,Ponferradina,Iran,4907.0,Spain
DF,Ramin Rezaeian,46,2,Sepahan,Iran,,
GK,Hossein Hosseini,6,0,Esteghlal,Iran,,
DF,Abolfazl Jalali,3,0,Esteghlal,Iran,,
GK,Matt Turner,20,0,Arsenal,United States,42.0,England
DF,Sergiño Dest,19,2,Milan,United States,,
DF,Walker Zimmerman,33,3,Nashville SC,United States,9569.0,USA
MF,Tyler Adams,32,1,Leeds United,United States,,
DF,Antonee Robinson,29,2,Fulham,United States,36.0,England
MF,Yunus Musah,19,0,Valencia,United States,532.0,Spain
FW,Giovanni Reyna,14,4,Borussia Dortmund,United States,165.0,Germany
MF,Weston McKennie,37,9,Juventus,United States,496.0,Italy
FW,Jesús Ferreira,15,7,FC Dallas,United States,1597.0,USA
FW,Christian Pulisic,52,21,Chelsea,United States,49.0,England
FW,Brenden Aaronson,24,6,Leeds United,United States,,
GK,Ethan Horvath,8,0,Luton Town,United States,,
DF,Tim Ream,46,1,Fulham,United States,36.0,England
MF,Luca de la Torre,12,0,Celta Vigo,United States,538.0,Spain
DF,Aaron Long,29,3,New York Red Bulls,United States,1602.0,USA
FW,Jordan Morris,49,11,Seattle Sounders FC,United States,,
MF,Cristian Roldan,32,0,Seattle Sounders FC,United States,,
DF,Shaq Moore,15,1,Nashville SC,United States,9569.0,USA
FW,Haji Wright,3,1,Antalyaspor,United States,1005.0,Turkey
DF,Cameron Carter-Vickers,11,0,Celtic,United States,247.0,Scotland
FW,Timothy Weah,25,3,Lille,United States,79.0,France
DF,DeAndre Yedlin,75,0,Inter Miami CF,United States,,
MF,Kellyn Acosta,53,2,Los Angeles FC,United States,1616.0,USA
FW,Josh Sargent,20,5,Norwich City,United States,,
GK,Sean Johnson,10,0,New York City FC,United States,1604.0,USA
DF,Joe Scally,3,0,Borussia Mönchengladbach,United States,,
GK,Wayne Hennessey,106,0,Nottingham Forest,Wales,65.0,England
DF,Chris Gunter,109,0,AFC Wimbledon,Wales,,
DF,Neco Williams,23,2,Nottingham Forest,Wales,65.0,England
DF,Ben Davies,74,1,Tottenham Hotspur,Wales,,
DF,Chris Mepham,33,0,Bournemouth,Wales,35.0,England
DF,Joe Rodon,30,0,Rennes,Wales,94.0,France
MF,Joe Allen,72,2,Swansea City,Wales,,
MF,Harry Wilson,39,5,Fulham,Wales,36.0,England
FW,Brennan Johnson,15,2,Nottingham Forest,Wales,65.0,England
MF,Aaron Ramsey,75,20,Nice,Wales,84.0,France
FW,Gareth Bale (captain),108,40,Los Angeles FC,Wales,1616.0,USA
GK,Danny Ward,26,0,Leicester City,Wales,,
FW,Kieffer Moore,28,9,Bournemouth,Wales,35.0,England
DF,Connor Roberts,41,3,Burnley,Wales,44.0,England
DF,Ethan Ampadu,37,0,Spezia,Wales,515.0,Italy
MF,Joe Morrell,30,0,Portsmouth,Wales,,
DF,Tom Lockyer,14,0,Luton Town,Wales,,
MF,Jonny Williams,33,2,Swindon Town,Wales,,
FW,Mark Harris,5,0,Cardiff City,Wales,,
FW,Daniel James,38,5,Fulham,Wales,36.0,England
GK,Adam Davies,4,0,Sheffield United,Wales,,
MF,Sorba Thomas,6,0,Huddersfield Town,Wales,,
MF,Dylan Levitt,13,0,Dundee United,Wales,,
DF,Ben Cabango,5,0,Swansea City,Wales,,
MF,Rubin Colwill,7,1,Cardiff City,Wales,,
MF,Matthew Smith,19,0,Milton Keynes Dons,Wales,,
GK,Franco Armani,18,0,River Plate,Argentina,435.0,Argentina
DF,Juan Foyth,16,0,Villarreal,Argentina,533.0,Spain
DF,Nicolás Tagliafico,42,0,Lyon,Argentina,80.0,France
DF,Gonzalo Montiel,18,0,Sevilla,Argentina,536.0,Spain
MF,Leandro Paredes,46,4,Juventus,Argentina,496.0,Italy
DF,Germán Pezzella,32,2,Real Betis,Argentina,543.0,Spain
MF,Rodrigo De Paul,44,2,Atlético Madrid,Argentina,,
MF,Marcos Acuña,43,0,Sevilla,Argentina,536.0,Spain
FW,Julián Álvarez,12,3,Manchester City,Argentina,50.0,England
FW,Lionel Messi (captain),165,91,Paris Saint-Germain,Argentina,,
FW,Ángel Di María,124,27,Juventus,Argentina,496.0,Italy
GK,Gerónimo Rulli,4,0,Villarreal,Argentina,533.0,Spain
DF,Cristian Romero,12,1,Tottenham Hotspur,Argentina,,
MF,Exequiel Palacios,20,0,Bayer Leverkusen,Argentina,168.0,Germany
FW,Ángel Correa,22,3,Atlético Madrid,Argentina,,
MF,Thiago Almada,1,0,Atlanta United FC,Argentina,1608.0,USA
MF,Papu Gómez,15,3,Sevilla,Argentina,536.0,Spain
MF,Guido Rodríguez,26,1,Real Betis,Argentina,543.0,Spain
DF,Nicolás Otamendi,93,4,Benfica,Argentina,211.0,Portugal
MF,Alexis Mac Allister,8,0,Brighton & Hove Albion,Argentina,,
FW,Paulo Dybala,34,3,Roma,Argentina,,
FW,Lautaro Martínez,40,21,Internazionale,Argentina,,
GK,Emiliano Martínez,19,0,Aston Villa,Argentina,66.0,England
MF,Enzo Fernández,3,0,Benfica,Argentina,211.0,Portugal
DF,Lisandro Martínez,10,0,Manchester United,Argentina,33.0,England
DF,Nahuel Molina,20,0,Atlético Madrid,Argentina,,
GK,Alfredo Talavera,40,0,Juárez,Mexico,,
DF,Néstor Araujo,63,3,América,Mexico,,
DF,César Montes,30,1,Monterrey,Mexico,2282.0,mexico
DF,Edson Álvarez,58,3,Ajax,Mexico,194.0,netherlands
DF,Johan Vásquez,7,0,Cremonese,Mexico,520.0,Italy
DF,Gerardo Arteaga,17,1,Genk,Mexico,742.0,Belgium
MF,Luis Romo,27,1,Monterrey,Mexico,2282.0,mexico
MF,Carlos Rodríguez,36,0,Cruz Azul,Mexico,2295.0,mexico
FW,Raúl Jiménez,95,29,Wolverhampton Wanderers,Mexico,,
FW,Alexis Vega,22,6,Guadalajara,Mexico,,
FW,Rogelio Funes Mori,16,6,Monterrey,Mexico,2282.0,mexico
GK,Rodolfo Cota,8,0,León,Mexico,,
GK,Guillermo Ochoa,131,0,América,Mexico,,
MF,Érick Gutiérrez,34,1,PSV Eindhoven,Mexico,197.0,netherlands
DF,Héctor Moreno,128,5,Monterrey,Mexico,2282.0,mexico
MF,Héctor Herrera,102,10,Houston Dynamo FC,Mexico,,
FW,Orbelín Pineda,50,6,AEK Athens,Mexico,,
MF,Andrés Guardado (captain),178,28,Real Betis,Mexico,543.0,Spain
DF,Jorge Sánchez,26,1,Ajax,Mexico,194.0,netherlands
FW,Henry Martín,27,6,América,Mexico,,
FW,Uriel Antuna,36,9,Cruz Azul,Mexico,2295.0,mexico
FW,Hirving Lozano,60,16,Napoli,Mexico,492.0,Italy
DF,Jesús Gallardo,78,1,Monterrey,Mexico,2282.0,mexico
MF,Luis Chávez,9,0,Pachuca,Mexico,2292.0,mexico
FW,Roberto Alvarado,31,4,Guadalajara,Mexico,,
DF,Kevin Álvarez,8,0,Pachuca,Mexico,2292.0,mexico
