Pos.;Player;Caps;Goals;Club;Country;team_id;Leauge_country;Overall
GK;Hernan Galindez;12;0;Aucas;Ecuador;1156.00.00;Equador;
DF;Felix Torres;17;2;Santos Laguna;Ecuador;2285.00.00;mexico;
DF;Piero Hincapie;21;1;Bayer Leverkusen;Ecuador;168.00.00;Germany;78.00.00
DF;Robert Arboleda;33;2;Sao Paulo;Ecuador;;;
MF;Jose Cifuentes;11;0;Los Angeles FC;Ecuador;1616.00.00;USA;73.00.00
DF;William Pacho;0;0;Antwerp;Ecuador;740.00.00;Belgium;67.00.00
DF;Pervis Estupinan;28;3;Brighton & Hove Albion;Ecuador;;;79.00.00
MF;Carlos Gruezo;46;1;FC Augsburg;Ecuador;170.00.00;Germany;72.00.00
MF;Ayrton Preciado;27;3;Santos Laguna;Ecuador;2285.00.00;mexico;
MF;Romario Ibarra;25;3;Pachuca;Ecuador;2292.00.00;mexico;
FW;Michael Estrada;36;8;Cruz Azul;Ecuador;2295.00.00;mexico;
GK;Moises Ramirez;2;0;Independiente del Valle;Ecuador;1153.00.00;Equador;70.00.00
FW;Enner Valencia;74;35;Fenerbahce;Ecuador;;;75.00.00
DF;Xavier Arreaga;18;1;Seattle Sounders FC;Ecuador;;;69.00.00
MF;Angel Mena;46;7;Leon;Ecuador;;;
MF;Jeremy Sarmiento;9;0;Brighton & Hove Albion;Ecuador;;;66.00.00
DF;Angelo Preciado;24;0;Genk;Ecuador;742.00.00;Belgium;69.00.00
DF;Diego Palacios;12;0;Los Angeles FC;Ecuador;1616.00.00;USA;71.00.00
MF;Gonzalo Plata;30;5;Valladolid;Ecuador;720.00.00;Spain;77.00.00
MF;Sebas Mendez;32;0;Los Angeles FC;Ecuador;1616.00.00;USA;
MF;Alan Franco;25;1;Talleres;Ecuador;;;72.00.00
GK;Alexander Dominguez;68;0;LDU Quito;Ecuador;;;
MF;Moises Caicedo;25;2;Brighton & Hove Albion;Ecuador;;;70.00.00
FW;Djorkaeff Reasco;4;0;Newell's Old Boys;Ecuador;;;66.00.00
DF;Jackson Porozo;5;0;Troyes;Ecuador;;;68.00.00
FW;Kevin Rodriguez;1;0;Imbabura;Ecuador;;;
GK;Remko Pasveer;2;0;Ajax;Netherlands;194.00.00;netherlands;75.00.00
DF;Jurrien Timber;10;0;Ajax;Netherlands;194.00.00;netherlands;80.00.00
DF;Matthijs de Ligt;38;2;Bayern Munich;Netherlands;157.00.00;Germany;85.00.00
DF;Virgil van Dijk;49;6;Liverpool;Netherlands;40.00.00;England;90.00.00
DF;Nathan Ake;29;3;Manchester City;Netherlands;50.00.00;England;78.00.00
DF;Stefan de Vrij;59;3;Internazionale;Netherlands;;;84.00.00
FW;Steven Bergwijn;24;7;Ajax;Netherlands;194.00.00;netherlands;80.00.00
FW;Cody Gakpo;9;3;PSV Eindhoven;Netherlands;197.00.00;netherlands;83.00.00
FW;Luuk de Jong;38;8;PSV Eindhoven;Netherlands;197.00.00;netherlands;79.00.00
FW;Memphis Depay;81;42;Barcelona;Netherlands;529.00.00;Spain;85.00.00
MF;Steven Berghuis;39;2;Ajax;Netherlands;194.00.00;netherlands;82.00.00
FW;Noa Lang;5;1;Club Brugge;Netherlands;;;78.00.00
GK;Justin Bijlow;6;0;Feyenoord;Netherlands;209.00.00;netherlands;79.00.00
MF;Davy Klaassen;35;9;Ajax;Netherlands;194.00.00;netherlands;79.00.00
MF;Marten de Roon;30;0;Atalanta;Netherlands;499.00.00;Italy;80.00.00
DF;Tyrell Malacia;6;0;Manchester United;Netherlands;33.00.00;England;79.00.00
DF;Daley Blind;94;2;Ajax;Netherlands;194.00.00;netherlands;80.00.00
FW;Vincent Janssen;20;7;Antwerp;Netherlands;740.00.00;Belgium;73.00.00
FW;Wout Weghorst;15;3;Besiktas;Netherlands;;;79.00.00
MF;Teun Koopmeiners;10;1;Atalanta;Netherlands;499.00.00;Italy;80.00.00
MF;Frenkie de Jong;45;1;Barcelona;Netherlands;529.00.00;Spain;87.00.00
DF;Denzel Dumfries;37;5;Internazionale;Netherlands;;;82.00.00
GK;Andries Noppert;0;0;Heerenveen;Netherlands;210.00.00;netherlands;70.00.00
MF;Kenneth Taylor;2;0;Ajax;Netherlands;194.00.00;netherlands;73.00.00
MF;Xavi Simons;0;0;PSV Eindhoven;Netherlands;197.00.00;netherlands;73.00.00
DF;Jeremie Frimpong;0;0;Bayer Leverkusen;Netherlands;168.00.00;Germany;80.00.00
GK;Wojciech Szczesny;66;0;Juventus;Poland;496.00.00;Italy;86.00.00
DF;Matty Cash;7;1;Aston Villa;Poland;66.00.00;England;79.00.00
DF;Artur Jedrzejczyk;40;3;Legia Warsaw;Poland;;;69.00.00
DF;Mateusz Wieteska;2;0;Clermont;Poland;;;68.00.00
DF;Jan Bednarek;45;1;Aston Villa;Poland;66.00.00;England;76.00.00
MF;Krystian Bielik;5;0;Birmingham City;Poland;;;71.00.00
FW;Arkadiusz Milik;64;16;Juventus;Poland;496.00.00;Italy;79.00.00
MF;Damian Szymanski;9;1;AEK Athens;Poland;;;71.00.00
FW;Robert Lewandowski;134;76;Barcelona;Poland;529.00.00;Spain;91.00.00
MF;Grzegorz Krychowiak;94;5;Al-Shabab;Poland;;;78.00.00
MF;Kamil Grosicki;87;17;Pogon Szczecin;Poland;;;73.00.00
GK;ukasz Skorupski;8;0;Bologna;Poland;500.00.00;Italy;76.00.00
MF;Jakub Kaminski;4;1;VfL Wolfsburg;Poland;161.00.00;Germany;71.00.00
DF;Jakub Kiwior;5;0;Spezia;Poland;515.00.00;Italy;71.00.00
DF;Kamil Glik;99;6;Benevento;Poland;506.00.00;Italy;71.00.00
FW;Karol Swiderski;18;8;Charlotte FC;Poland;;;74.00.00
MF;Szymon Zurkowski;7;0;Fiorentina;Poland;502.00.00;Italy;76.00.00
DF;Bartosz Bereszynski;46;0;Sampdoria;Poland;498.00.00;Italy;73.00.00
MF;Sebastian Szymanski;18;1;Feyenoord;Poland;209.00.00;netherlands;74.00.00
MF;Piotr Zielinski;74;9;Napoli;Poland;492.00.00;Italy;83.00.00
MF;Nicola Zalewski;7;0;Roma;Poland;;;74.00.00
GK;Kamil Grabara;1;0;Copenhagen;Poland;;;73.00.00
FW;Krzysztof Piatek;25;11;Salernitana;Poland;514.00.00;Italy;75.00.00
MF;Przemysaw Frankowski;26;1;Lens;Poland;116.00.00;France;76.00.00
DF;Robert Gumny;5;0;FC Augsburg;Poland;170.00.00;Germany;71.00.00
MF;Micha Skoras;1;0;Lech Poznan;Poland;;;68.00.00
GK;Mohammed Al-Rubaie;7;0;Al-Ahli;Saudi Arabia;;;
DF;Sultan Al-Ghannam;24;0;Al-Nassr;Saudi Arabia;2939.00.00;Saudi Arabia;
DF;Abdullah Madu;15;0;Al-Nassr;Saudi Arabia;2939.00.00;Saudi Arabia;66.00.00
DF;Abdulelah Al-Amri;20;1;Al-Nassr;Saudi Arabia;2939.00.00;Saudi Arabia;
DF;Ali Al-Bulaihi;37;0;Al-Hilal;Saudi Arabia;;;
DF;Mohammed Al-Breik;40;1;Al-Hilal;Saudi Arabia;;;
MF;Salman Al-Faraj;70;8;Al-Hilal;Saudi Arabia;;;
MF;Abdulellah Al-Malki;27;0;Al-Hilal;Saudi Arabia;;;
FW;Firas Al-Buraikan;26;6;Al-Fateh;Saudi Arabia;2931.00.00;Saudi Arabia;
FW;Salem Al-Dawsari;71;17;Al-Hilal;Saudi Arabia;;;
FW;Saleh Al-Shehri;20;10;Al-Hilal;Saudi Arabia;;;
DF;Saud Abdulhamid;23;1;Al-Hilal;Saudi Arabia;;;71.00.00
DF;Yasser Al-Shahrani;72;2;Al-Hilal;Saudi Arabia;;;
MF;Abdullah Otayf;45;1;Al-Hilal;Saudi Arabia;;;
MF;Ali Al-Hassan;13;1;Al-Nassr;Saudi Arabia;2939.00.00;Saudi Arabia;
MF;Sami Al-Najei;17;2;Al-Nassr;Saudi Arabia;2939.00.00;Saudi Arabia;
DF;Hassan Al-Tambakti;19;0;Al-Shabab;Saudi Arabia;;;
MF;Nawaf Al-Abed;55;8;Al-Shabab;Saudi Arabia;;;
FW;Hattan Bahebri;41;4;Al-Shabab;Saudi Arabia;;;69.00.00
FW;Abdulrahman Al-Aboud;3;0;Al-Ittihad;Saudi Arabia;;;
GK;Mohammed Al-Owais;42;0;Al-Hilal;Saudi Arabia;;;
GK;Nawaf Al-Aqidi;0;0;Al-Nassr;Saudi Arabia;2939.00.00;Saudi Arabia;
MF;Mohamed Kanno;38;1;Al-Hilal;Saudi Arabia;;;
MF;Nasser Al-Dawsari;10;0;Al-Hilal;Saudi Arabia;;;
FW;Haitham Asiri;8;1;Al-Ahli;Saudi Arabia;;;
MF;Riyadh Sharahili;5;0;Abha;Saudi Arabia;2951.00.00;Saudi Arabia;65.00.00
GK;Mathew Ryan;75;0;Copenhagen;Australia;;;78.00.00
DF;Milos Degenek;38;1;Columbus Crew;Australia;1613.00.00;USA;72.00.00
DF;Nathaniel Atkinson;5;0;Heart of Midlothian;Australia;;;68.00.00
DF;Kye Rowles;3;0;Heart of Midlothian;Australia;;;67.00.00
DF;Fran Karacic;11;1;Brescia;Australia;518.00.00;Italy;69.00.00
FW;Martin Boyle;19;5;Hibernian;Australia;249.00.00;Scotland;72.00.00
FW;Mathew Leckie;73;13;Melbourne City;Australia;945.00.00;Australia;71.00.00
DF;Bailey Wright;27;2;Sunderland;Australia;746.00.00;England;68.00.00
FW;Jamie Maclaren;26;8;Melbourne City;Australia;945.00.00;Australia;75.00.00
MF;Ajdin Hrustic;20;3;Hellas Verona;Australia;;;72.00.00
FW;Awer Mabil;29;8;Cadiz;Australia;;;70.00.00
GK;Andrew Redmayne;4;0;Sydney FC;Australia;;;65.00.00
MF;Aaron Mooy;53;7;Celtic;Australia;247.00.00;Scotland;76.00.00
MF;Riley McGree;11;1;Middlesbrough;Australia;70.00.00;England;71.00.00
FW;Mitchell Duke;21;8;Fagiano Okayama;Australia;;;67.00.00
DF;Aziz Behich;53;2;Dundee United;Australia;;;70.00.00
MF;Cameron Devlin;1;0;Heart of Midlothian;Australia;;;70.00.00
GK;Danny Vukovic;4;0;Central Coast Mariners;Australia;941.00.00;Australia;70.00.00
DF;Harry Souttar;10;6;Stoke City;Australia;75.00.00;England;72.00.00
DF;Thomas Deng;2;0;Albirex Niigata;Australia;;;65.00.00
FW;Garang Kuol;1;0;Central Coast Mariners;Australia;941.00.00;Australia;60.00.00
MF;Jackson Irvine;49;7;FC St. Pauli;Australia;186.00.00;Germany;70.00.00
FW;Craig Goodwin;10;1;Adelaide United;Australia;948.00.00;Australia;75.00.00
DF;Joel King;4;0;OB;Australia;;;65.00.00
FW;Jason Cummings;1;1;Central Coast Mariners;Australia;941.00.00;Australia;68.00.00
MF;Keanu Baccus;1;0;St Mirren;Australia;;;68.00.00
GK;Kasper Schmeichel;86;0;Nice;Denmark;84.00.00;France;83.00.00
DF;Joachim Andersen;19;0;Crystal Palace;Denmark;52.00.00;England;77.00.00
DF;Victor Nelsson;7;0;Galatasaray;Denmark;645.00.00;Turkey;75.00.00
DF;Simon Kjr;121;5;Milan;Denmark;;;82.00.00
DF;Joakim Mhle;31;9;Atalanta;Denmark;499.00.00;Italy;76.00.00
DF;Andreas Christensen;58;2;Barcelona;Denmark;529.00.00;Spain;82.00.00
MF;Mathias Jensen;20;1;Brentford;Denmark;55.00.00;England;74.00.00
MF;Thomas Delaney;71;7;Sevilla;Denmark;536.00.00;Spain;81.00.00
FW;Martin Braithwaite;62;10;Espanyol;Denmark;540.00.00;Spain;76.00.00
MF;Christian Eriksen;117;39;Manchester United;Denmark;33.00.00;England;82.00.00
MF;Andreas Skov Olsen;23;8;Club Brugge;Denmark;;;76.00.00
FW;Kasper Dolberg;37;11;Sevilla;Denmark;536.00.00;Spain;77.00.00
DF;Rasmus Kristensen;10;0;Leeds United;Denmark;;;77.00.00
MF;Mikkel Damsgaard;18;4;Brentford;Denmark;55.00.00;England;76.00.00
MF;Christian Nrgaard;17;1;Brentford;Denmark;55.00.00;England;76.00.00
GK;Oliver Christensen;1;0;Hertha BSC;Denmark;;;70.00.00
DF;Jens Stryger Larsen;49;3;Trabzonspor;Denmark;998.00.00;Turkey;75.00.00
DF;Daniel Wass;44;1;Brndby;Denmark;;;79.00.00
FW;Jonas Wind;15;5;VfL Wolfsburg;Denmark;161.00.00;Germany;76.00.00
FW;Yussuf Poulsen;68;11;RB Leipzig;Denmark;173.00.00;Germany;77.00.00
FW;Andreas Cornelius;41;9;Copenhagen;Denmark;;;75.00.00
GK;Frederik Rnnow;8;0;Union Berlin;Denmark;182.00.00;Germany;75.00.00
MF;Pierre-Emile Hjbjerg;60;5;Tottenham Hotspur;Denmark;;;83.00.00
MF;Robert Skov;11;5;1899 Hoffenheim;Denmark;167.00.00;Germany;74.00.00
MF;Jesper Lindstrm;6;1;Eintracht Frankfurt;Denmark;169.00.00;Germany;75.00.00
DF;Alexander Bah;4;1;Benfica;Denmark;211.00.00;Portugal;78.00.00
GK;Hugo Lloris;139;0;Tottenham Hotspur;France;;;87.00.00
DF;Benjamin Pavard;46;2;Bayern Munich;France;157.00.00;Germany;79.00.00
DF;Axel Disasi;0;0;Monaco;France;91.00.00;France;77.00.00
DF;Raphael Varane;87;5;Manchester United;France;33.00.00;England;84.00.00
DF;Jules Kounde;12;0;Barcelona;France;529.00.00;Spain;84.00.00
MF;Matteo Guendouzi;6;1;Marseille;France;81.00.00;France;80.00.00
FW;Antoine Griezmann;110;42;Atletico Madrid;France;;;83.00.00
MF;Aurelien Tchouameni;14;1;Real Madrid;France;541.00.00;Spain;82.00.00
FW;Olivier Giroud;114;49;Milan;France;;;82.00.00
FW;Kylian Mbappe;59;28;Paris Saint-Germain;France;;;91.00.00
FW;Ousmane Dembele;28;4;Barcelona;France;529.00.00;Spain;83.00.00
FW;Randal Kolo Muani;2;0;Eintracht Frankfurt;France;169.00.00;Germany;78.00.00
MF;Youssouf Fofana;2;0;Monaco;France;91.00.00;France;79.00.00
MF;Adrien Rabiot;29;2;Juventus;France;496.00.00;Italy;80.00.00
MF;Jordan Veretout;5;0;Marseille;France;81.00.00;France;79.00.00
GK;Steve Mandanda;34;0;Rennes;France;94.00.00;France;79.00.00
DF;William Saliba;7;0;Arsenal;France;42.00.00;England;80.00.00
DF;Dayot Upamecano;7;1;Bayern Munich;France;157.00.00;Germany;81.00.00
FW;Karim Benzema;97;37;Real Madrid;France;541.00.00;Spain;91.00.00
FW;Kingsley Coman;40;5;Bayern Munich;France;157.00.00;Germany;86.00.00
DF;Lucas Hernandez;32;0;Bayern Munich;France;157.00.00;Germany;84.00.00
DF;Theo Hernandez;7;1;Milan;France;;;85.00.00
GK;Alphonse Areola;5;0;West Ham United;France;;;81.00.00
DF;Ibrahima Konate;2;0;Liverpool;France;40.00.00;England;81.00.00
MF;Eduardo Camavinga;4;1;Real Madrid;France;541.00.00;Spain;79.00.00
FW;Marcus Thuram;4;0;Borussia Monchengladbach;France;;;78.00.00
GK;Aymen Mathlouthi;73;0;Etoile du Sahel;Tunisia;;;
DF;Bilel Ifa;37;0;Kuwait SC;Tunisia;;;
DF;Montassar Talbi;23;1;Lorient;Tunisia;97.00.00;France;67.00.00
DF;Yassine Meriah;61;3;Esperance de Tunis;Tunisia;;;
MF;Nader Ghandri;8;0;Club Africain;Tunisia;988.00.00;Tunisia;
DF;Dylan Bronn;36;2;Salernitana;Tunisia;514.00.00;Italy;71.00.00
FW;Youssef Msakni;88;17;Al-Arabi;Tunisia;;;
MF;Hannibal Mejbri;19;0;Birmingham City;Tunisia;;;64.00.00
FW;Issam Jebali;10;2;OB;Tunisia;;;66.00.00
FW;Wahbi Khazri;72;24;Montpellier;Tunisia;82.00.00;France;75.00.00
FW;Taha Yassine Khenissi;48;9;Kuwait SC;Tunisia;;;
DF;Ali Maaloul;83;2;Al Ahly;Tunisia;1577.00.00;Egypt;
MF;Ferjani Sassi;78;6;Al-Duhail;Tunisia;;;
MF;Aissa Laidouni;25;1;Ferencvaros;Tunisia;;;72.00.00
MF;Mohamed Ali Ben Romdhane;23;1;Esperance de Tunis;Tunisia;;;
GK;Aymen Dahmen;5;0;CS Sfaxien;Tunisia;983.00.00;Tunisia;
MF;Ellyes Skhiri;49;3;1. FC Koln;Tunisia;;;79.00.00
MF;Ghailene Chaalali;31;1;Esperance de Tunis;Tunisia;;;
FW;Seifeddine Jaziri;29;10;Zamalek;Tunisia;;;
DF;Mohamed Drager;34;3;Luzern;Tunisia;;;70.00.00
DF;Wajdi Kechrida;19;0;Atromitos;Tunisia;12260.0;Greece;
GK;Bechir Ben Said;10;0;US Monastir;Tunisia;;;
FW;Naim Sliti;69;14;Al-Ettifaq;Tunisia;2934.00.00;Saudi Arabia;76.00.00
DF;Ali Abdi;10;2;Caen;Tunisia;88.00.00;France;71.00.00
FW;Anis Ben Slimane;25;4;Brndby;Tunisia;;;
GK;Mouez Hassen;20;0;Club Africain;Tunisia;988.00.00;Tunisia;
GK;Keylor Navas;107;0;Paris Saint-Germain;Costa Rica;;;88.00.00
MF;Daniel Chacon;8;0;Cartagines;Costa Rica;;;
DF;Juan Pablo Vargas;12;1;Millonarios;Costa Rica;1125.00.00;Colombia;
DF;Keysher Fuller;31;2;Herediano;Costa Rica;;;
MF;Celso Borges;155;27;Alajuelense;Costa Rica;;;
DF;Oscar Duarte;71;4;Al-Wehda;Costa Rica;;;
FW;Anthony Contreras;9;2;Herediano;Costa Rica;;;
DF;Bryan Oviedo;76;2;Real Salt Lake;Costa Rica;1606.00.00;USA;62.00.00
MF;Jewison Bennette;7;2;Sunderland;Costa Rica;746.00.00;England;68.00.00
MF;Bryan Ruiz;146;29;Alajuelense;Costa Rica;;;
FW;Johan Venegas;82;11;Alajuelense;Costa Rica;;;
FW;Joel Campbell;119;25;Leon;Costa Rica;;;
MF;Gerson Torres;13;1;Herediano;Costa Rica;;;
MF;Youstin Salas;4;0;Saprissa;Costa Rica;;;
DF;Francisco Calvo;75;8;Konyaspor;Costa Rica;607.00.00;Turkey;69.00.00
DF;Carlos Martinez;7;0;San Carlos;Costa Rica;823.00.00;Costa rica;59.00.00
MF;Yeltsin Tejeda;73;0;Herediano;Costa Rica;;;
GK;Esteban Alvarado;25;0;Herediano;Costa Rica;;;
DF;Kendall Waston;63;9;Saprissa;Costa Rica;;;
MF;Brandon Aguilera;4;0;Guanacasteca;Costa Rica;;;
MF;Douglas Lopez;3;0;Herediano;Costa Rica;;;
DF;Ronald Matarrita;52;3;FC Cincinnati;Costa Rica;2242.00.00;USA;71.00.00
GK;Patrick Sequeira;2;0;Lugo;Costa Rica;716.00.00;Spain;
MF;Roan Wilson;3;0;Municipal Grecia;Costa Rica;818.00.00;Costa rica;
MF;Anthony Hernandez;3;1;Puntarenas;Costa Rica;;;
MF;Alvaro Zamora;3;0;Saprissa;Costa Rica;;;
GK;Manuel Neuer;114;0;Bayern Munich;Germany;157.00.00;Germany;90.00.00
DF;Antonio Rudiger;54;2;Real Madrid;Germany;541.00.00;Spain;87.00.00
DF;David Raum;12;0;RB Leipzig;Germany;173.00.00;Germany;81.00.00
DF;Matthias Ginter;47;2;SC Freiburg;Germany;160.00.00;Germany;82.00.00
DF;Thilo Kehrer;23;0;West Ham United;Germany;;;76.00.00
MF;Joshua Kimmich;71;5;Bayern Munich;Germany;157.00.00;Germany;89.00.00
FW;Kai Havertz;31;10;Chelsea;Germany;49.00.00;England;84.00.00
MF;Leon Goretzka;45;14;Bayern Munich;Germany;157.00.00;Germany;87.00.00
FW;Niclas Fullkrug;1;1;Werder Bremen;Germany;162.00.00;Germany;75.00.00
FW;Serge Gnabry;36;20;Bayern Munich;Germany;157.00.00;Germany;85.00.00
MF;Mario Gotze;63;17;Eintracht Frankfurt;Germany;169.00.00;Germany;81.00.00
GK;Kevin Trapp;6;0;Eintracht Frankfurt;Germany;169.00.00;Germany;86.00.00
MF;Thomas Muller;118;44;Bayern Munich;Germany;157.00.00;Germany;87.00.00
MF;Jamal Musiala;17;1;Bayern Munich;Germany;157.00.00;Germany;81.00.00
DF;Niklas Sule;42;1;Borussia Dortmund;Germany;165.00.00;Germany;85.00.00
DF;Lukas Klostermann;19;0;RB Leipzig;Germany;173.00.00;Germany;80.00.00
MF;Julian Brandt;39;3;Borussia Dortmund;Germany;165.00.00;Germany;82.00.00
MF;Jonas Hofmann;17;4;Borussia Monchengladbach;Germany;;;81.00.00
MF;Leroy Sane;48;11;Bayern Munich;Germany;157.00.00;Germany;84.00.00
DF;Christian Gunter;7;0;SC Freiburg;Germany;160.00.00;Germany;80.00.00
MF;Ilkay Gundogan;63;16;Manchester City;Germany;50.00.00;England;85.00.00
GK;Marc-Andre ter Stegen;30;0;Barcelona;Germany;529.00.00;Spain;88.00.00
DF;Nico Schlotterbeck;6;0;Borussia Dortmund;Germany;165.00.00;Germany;82.00.00
FW;Karim Adeyemi;4;1;Borussia Dortmund;Germany;165.00.00;Germany;75.00.00
DF;Armel Bella-Kotchap;2;0;Southampton;Germany;41.00.00;England;73.00.00
FW;Youssoufa Moukoko;1;0;Borussia Dortmund;Germany;165.00.00;Germany;69.00.00
GK;Eiji Kawashima;95;0;Strasbourg;Japan;95.00.00;France;72.00.00
DF;Miki Yamane;15;2;Kawasaki Frontale;Japan;294.00.00;Japan;
DF;Shogo Taniguchi;14;0;Kawasaki Frontale;Japan;294.00.00;Japan;
DF;Ko Itakura;13;1;Borussia Monchengladbach;Japan;;;75.00.00
DF;Yuto Nagatomo;138;4;FC Tokyo;Japan;292.00.00;Japan;
MF;Wataru Endo;43;2;VfB Stuttgart;Japan;172.00.00;Germany;78.00.00
MF;Gaku Shibasaki;60;3;Leganes;Japan;;;69.00.00
MF;Ritsu Doan;29;3;SC Freiburg;Japan;160.00.00;Germany;77.00.00
MF;Kaoru Mitoma;9;5;Brighton & Hove Albion;Japan;;;74.00.00
MF;Takumi Minamino;44;17;Monaco;Japan;91.00.00;France;75.00.00
MF;Takefusa Kubo;20;1;Real Sociedad;Japan;548.00.00;Spain;74.00.00
GK;Shuichi Gonda;34;0;Shimizu S-Pulse;Japan;;;
MF;Hidemasa Morita;17;2;Sporting CP;Japan;228.00.00;Portugal;76.00.00
MF;Junya Ito;38;9;Reims;Japan;93.00.00;France;78.00.00
MF;Daichi Kamada;22;6;Eintracht Frankfurt;Japan;169.00.00;Germany;80.00.00
DF;Takehiro Tomiyasu;29;1;Arsenal;Japan;42.00.00;England;79.00.00
MF;Ao Tanaka;15;2;Fortuna Dusseldorf;Japan;;;71.00.00
FW;Takuma Asano;37;7;VfL Bochum;Japan;;;73.00.00
DF;Hiroki Sakai;72;1;Urawa Red Diamonds;Japan;;;
FW;Shuto Machino;4;3;Shonan Bellmare;Japan;284.00.00;Japan;
FW;Ayase Ueda;11;0;Cercle Brugge;Japan;741.00.00;Belgium;70.00.00
DF;Maya Yoshida;122;12;Schalke 04;Japan;;;73.00.00
GK;Daniel Schmidt;11;0;Sint-Truiden;Japan;;;69.00.00
MF;Yuki Soma;8;4;Nagoya Grampus;Japan;288.00.00;Japan;
FW;Daizen Maeda;8;1;Celtic;Japan;247.00.00;Scotland;72.00.00
DF;Hiroki Ito;6;0;VfB Stuttgart;Japan;172.00.00;Germany;72.00.00
GK;Robert Sanchez;2;0;Brighton & Hove Albion;Spain;;;77.00.00
DF;Cesar Azpilicueta;42;1;Chelsea;Spain;49.00.00;England;82.00.00
DF;Eric Garcia;19;0;Barcelona;Spain;529.00.00;Spain;77.00.00
DF;Pau Torres;22;1;Villarreal;Spain;533.00.00;Spain;83.00.00
MF;Sergio Busquets;139;2;Barcelona;Spain;529.00.00;Spain;85.00.00
MF;Marcos Llorente;17;0;Atletico Madrid;Spain;;;84.00.00
FW;Alvaro Morata;57;27;Atletico Madrid;Spain;;;80.00.00
MF;Koke;68;0;Atletico Madrid;Spain;;;83.00.00
MF;Gavi;13;2;Barcelona;Spain;529.00.00;Spain;79.00.00
FW;Marco Asensio;31;1;Real Madrid;Spain;541.00.00;Spain;83.00.00
FW;Ferran Torres;31;13;Barcelona;Spain;529.00.00;Spain;82.00.00
FW;Nico Williams;3;1;Athletic Bilbao;Spain;;;74.00.00
GK;David Raya;2;0;Brentford;Spain;55.00.00;England;76.00.00
DF;Alejandro Balde;0;0;Barcelona;Spain;529.00.00;Spain;68.00.00
DF;Hugo Guillamon;3;1;Valencia;Spain;532.00.00;Spain;74.00.00
MF;Rodri;35;1;Manchester City;Spain;50.00.00;England;87.00.00
FW;Yeremy Pino;7;1;Villarreal;Spain;533.00.00;Spain;79.00.00
DF;Jordi Alba;87;9;Barcelona;Spain;529.00.00;Spain;85.00.00
MF;Carlos Soler;12;3;Paris Saint-Germain;Spain;;;83.00.00
DF;Dani Carvajal;31;0;Real Madrid;Spain;541.00.00;Spain;84.00.00
FW;Dani Olmo;25;4;RB Leipzig;Spain;173.00.00;Germany;82.00.00
FW;Pablo Sarabia;25;9;Paris Saint-Germain;Spain;;;81.00.00
GK;Unai Simon;27;0;Athletic Bilbao;Spain;;;83.00.00
DF;Aymeric Laporte;16;1;Manchester City;Spain;50.00.00;England;86.00.00
FW;Ansu Fati;5;2;Barcelona;Spain;529.00.00;Spain;79.00.00
MF;Pedri;14;0;Barcelona;Spain;529.00.00;Spain;85.00.00
GK;Saad Al-Sheeb;76;0;Al-Sadd;Qatar;;;
DF;Ro-Ro;80;1;Al-Sadd;Qatar;;;
MF;Abdelkarim Hassan;130;15;Al-Sadd;Qatar;;;70.00.00
DF;Mohammed Waad;21;0;Al-Sadd;Qatar;;;65.00.00
DF;Tarek Salman;58;0;Al-Sadd;Qatar;;;66.00.00
MF;Abdulaziz Hatem;107;11;Al-Rayyan;Qatar;;;71.00.00
FW;Ahmed Alaaeldin;47;2;Al-Gharafa;Qatar;2903.00.00;Qatar;65.00.00
MF;Ali Assadalla;59;12;Al-Sadd;Qatar;;;
FW;Mohammed Muntari;48;13;Al-Duhail;Qatar;;;67.00.00
MF;Hassan Al-Haydos;169;36;Al-Sadd;Qatar;;;
FW;Akram Afif;89;26;Al-Sadd;Qatar;;;76.00.00
MF;Karim Boudiaf;115;6;Al-Duhail;Qatar;;;72.00.00
DF;Musab Kheder;30;0;Al-Sadd;Qatar;;;65.00.00
DF;Homam Ahmed;29;2;Al-Gharafa;Qatar;2903.00.00;Qatar;68.00.00
DF;Bassam Al-Rawi;58;2;Al-Duhail;Qatar;;;
DF;Boualem Khoukhi;105;20;Al-Sadd;Qatar;;;71.00.00
DF;Ismaeel Mohammad;70;4;Al-Duhail;Qatar;;;
FW;Khalid Muneer;2;0;Al-Wakrah;Qatar;;;
FW;Almoez Ali;85;42;Al-Duhail;Qatar;;;72.00.00
MF;Salem Al-Hajri;22;0;Al-Sadd;Qatar;;;
GK;Yousef Hassan;7;0;Al-Gharafa;Qatar;2903.00.00;Qatar;65.00.00
GK;Meshaal Barsham;20;0;Al-Sadd;Qatar;;;65.00.00
MF;Assim Madibo;43;0;Al-Duhail;Qatar;;;66.00.00
MF;Naif Al-Hadhrami;1;0;Al-Rayyan;Qatar;;;
MF;Jassem Gaber;0;0;Al-Arabi;Qatar;;;
MF;Mostafa Meshaal;1;0;Al-Sadd;Qatar;;;
GK;Thibaut Courtois;97;0;Real Madrid;Belgium;541.00.00;Spain;90.00.00
DF;Toby Alderweireld;124;5;Antwerp;Belgium;740.00.00;Belgium;82.00.00
DF;Arthur Theate;4;0;Rennes;Belgium;94.00.00;France;75.00.00
DF;Wout Faes;1;0;Leicester City;Belgium;;;77.00.00
DF;Jan Vertonghen;142;9;Anderlecht;Belgium;554.00.00;Belgium;81.00.00
MF;Axel Witsel;127;12;Atletico Madrid;Belgium;;;79.00.00
MF;Kevin De Bruyne;94;25;Manchester City;Belgium;50.00.00;England;91.00.00
MF;Youri Tielemans;55;5;Leicester City;Belgium;;;84.00.00
FW;Romelu Lukaku;102;68;Internazionale;Belgium;;;86.00.00
FW;Eden Hazard;123;33;Real Madrid;Belgium;541.00.00;Spain;84.00.00
FW;Yannick Carrasco;60;8;Atletico Madrid;Belgium;;;85.00.00
GK;Simon Mignolet;35;0;Club Brugge;Belgium;;;80.00.00
GK;Koen Casteels;4;0;VfL Wolfsburg;Belgium;161.00.00;Germany;84.00.00
FW;Dries Mertens;107;21;Galatasaray;Belgium;645.00.00;Turkey;84.00.00
MF;Thomas Meunier;59;8;Borussia Dortmund;Belgium;165.00.00;Germany;78.00.00
MF;Thorgan Hazard;45;9;Borussia Dortmund;Belgium;165.00.00;Germany;80.00.00
FW;Leandro Trossard;21;5;Brighton & Hove Albion;Belgium;;;79.00.00
MF;Amadou Onana;2;0;Everton;Belgium;45.00.00;England;74.00.00
DF;Leander Dendoncker;29;1;Aston Villa;Belgium;66.00.00;England;76.00.00
MF;Hans Vanaken;23;5;Club Brugge;Belgium;;;80.00.00
MF;Timothy Castagne;26;2;Leicester City;Belgium;;;78.00.00
FW;Charles De Ketelaere;10;1;Milan;Belgium;;;78.00.00
FW;Michy Batshuayi;48;26;Fenerbahce;Belgium;;;77.00.00
FW;Lois Openda;5;2;Lens;Belgium;116.00.00;France;75.00.00
FW;Jeremy Doku;11;2;Rennes;Belgium;94.00.00;France;75.00.00
DF;Zeno Debast;3;0;Anderlecht;Belgium;554.00.00;Belgium;66.00.00
GK;Dayne St. Clair;2;0;Minnesota United FC;Canada;1612.00.00;USA;71.00.00
DF;Alistair Johnston;30;1;CF Montreal;Canada;;;70.00.00
DF;Sam Adekugbe;34;1;Hatayspor;Canada;3575.00.00;Turkey;70.00.00
DF;Kamal Miller;29;0;CF Montreal;Canada;;;71.00.00
DF;Steven Vitoria;35;4;Chaves;Canada;223.00.00;Portugal;69.00.00
MF;Samuel Piette;66;0;CF Montreal;Canada;;;70.00.00
MF;Stephen Eustaquio;26;3;Porto;Canada;;;76.00.00
MF;Liam Fraser;15;0;Deinze;Canada;6214.00.00;Belgium;
FW;Lucas Cavallini;34;18;Vancouver Whitecaps FC;Canada;;;71.00.00
MF;Junior Hoilett;50;14;Reading;Canada;53.00.00;England;70.00.00
FW;Tajon Buchanan;26;4;Club Brugge;Canada;;;72.00.00
FW;Ike Ugbo;8;0;Troyes;Canada;;;72.00.00
MF;Atiba Hutchinson;98;9;Besiktas;Canada;;;72.00.00
MF;Mark-Anthony Kaye;38;2;Toronto FC;Canada;1601.00.00;USA;71.00.00
MF;Ismael Kone;6;1;CF Montreal;Canada;;;65.00.00
GK;James Pantemis;0;0;CF Montreal;Canada;;;66.00.00
FW;Cyle Larin;55;25;Club Brugge;Canada;;;74.00.00
GK;Milan Borjan;68;0;Red Star Belgrade;Canada;;;77.00.00
FW;Alphonso Davies;34;12;Bayern Munich;Canada;157.00.00;Germany;84.00.00
FW;Jonathan David;35;22;Lille;Canada;79.00.00;France;79.00.00
MF;Jonathan Osorio;57;7;Toronto FC;Canada;1601.00.00;USA;74.00.00
DF;Richie Laryea;34;1;Toronto FC;Canada;1601.00.00;USA;72.00.00
MF;Liam Millar;16;0;Basel;Canada;;;67.00.00
MF;David Wotherspoon;10;1;St Johnstone;Canada;;;67.00.00
DF;Derek Cornelius;14;0;Panetolikos;Canada;949.00.00;Greece;
DF;Joel Waterman;2;0;CF Montreal;Canada;;;67.00.00
GK;Dominik Livakovic;34;0;Dinamo Zagreb;Croatia;620.00.00;Croatia;80.00.00
DF;Josip Stanisic;7;0;Bayern Munich;Croatia;157.00.00;Germany;72.00.00
DF;Borna Barisic;28;1;Rangers;Croatia;257.00.00;Scotland;73.00.00
FW;Ivan Perisic;116;32;Tottenham Hotspur;Croatia;;;84.00.00
DF;Martin Erlic;4;0;Sassuolo;Croatia;488.00.00;Italy;74.00.00
DF;Dejan Lovren;72;5;Zenit Saint Petersburg;Croatia;596.00.00;Russia;78.00.00
MF;Lovro Majer;11;3;Rennes;Croatia;94.00.00;France;80.00.00
MF;Mateo Kovacic;84;3;Chelsea;Croatia;49.00.00;England;84.00.00
FW;Andrej Kramaric;74;20;1899 Hoffenheim;Croatia;167.00.00;Germany;82.00.00
MF;Luka Modric;155;23;Real Madrid;Croatia;541.00.00;Spain;88.00.00
MF;Marcelo Brozovic;77;7;Internazionale;Croatia;;;86.00.00
GK;Ivo Grbic;2;0;Atletico Madrid;Croatia;;;74.00.00
MF;Nikola Vlasic;42;7;Torino;Croatia;503.00.00;Italy;78.00.00
FW;Marko Livaja;14;3;Hajduk Split;Croatia;;;77.00.00
MF;Mario Pasalic;43;7;Atalanta;Croatia;499.00.00;Italy;81.00.00
FW;Bruno Petkovic;23;6;Dinamo Zagreb;Croatia;620.00.00;Croatia;75.00.00
FW;Ante Budimir;15;1;Osasuna;Croatia;727.00.00;Spain;76.00.00
FW;Mislav Orsic;21;1;Dinamo Zagreb;Croatia;620.00.00;Croatia;77.00.00
DF;Borna Sosa;8;1;VfB Stuttgart;Croatia;172.00.00;Germany;78.00.00
DF;Josko Gvardiol;12;1;RB Leipzig;Croatia;173.00.00;Germany;81.00.00
DF;Domagoj Vida;100;4;AEK Athens;Croatia;;;76.00.00
DF;Josip Juranovic;21;0;Celtic;Croatia;247.00.00;Scotland;75.00.00
GK;Ivica Ivusic;5;0;Osijek;Croatia;;;72.00.00
DF;Josip Sutalo;3;0;Dinamo Zagreb;Croatia;620.00.00;Croatia;75.00.00
MF;Luka Sucic;4;0;Red Bull Salzburg;Croatia;571.00.00;Austria;73.00.00
MF;Kristijan Jakic;4;0;Eintracht Frankfurt;Croatia;169.00.00;Germany;76.00.00
GK;Yassine Bounou;46;0;Sevilla;Morocco;536.00.00;Spain;84.00.00
DF;Achraf Hakimi;54;8;Paris Saint-Germain;Morocco;;;84.00.00
DF;Noussair Mazraoui;15;2;Bayern Munich;Morocco;157.00.00;Germany;82.00.00
MF;Sofyan Amrabat;39;0;Fiorentina;Morocco;502.00.00;Italy;76.00.00
DF;Nayef Aguerd;22;1;West Ham United;Morocco;;;80.00.00
DF;Romain Saiss;66;1;Besiktas;Morocco;;;77.00.00
MF;Hakim Ziyech;43;18;Chelsea;Morocco;49.00.00;England;83.00.00
MF;Azzedine Ounahi;10;2;Angers;Morocco;77.00.00;France;70.00.00
FW;Abderrazak Hamdallah;18;6;Al-Ittihad;Morocco;;;76.00.00
MF;Anass Zaroury;1;0;Burnley;Morocco;44.00.00;England;68.00.00
FW;Abdelhamid Sabiri;2;1;Sampdoria;Morocco;498.00.00;Italy;72.00.00
GK;Munir Mohamedi;43;0;Al-Wehda;Morocco;;;
MF;Ilias Chair;11;1;Queens Park Rangers;Morocco;;;71.00.00
MF;Zakaria Aboukhlal;12;2;Toulouse;Morocco;96.00.00;France;71.00.00
MF;Selim Amallah;24;4;Standard Liege;Morocco;;;73.00.00
FW;Abde Ezzalzouli;2;0;Osasuna;Morocco;727.00.00;Spain;
MF;Sofiane Boufal;32;6;Angers;Morocco;77.00.00;France;77.00.00
DF;Jawad El Yamiq;12;2;Valladolid;Morocco;720.00.00;Spain;75.00.00
FW;Youssef En-Nesyri;50;15;Sevilla;Morocco;536.00.00;Spain;80.00.00
DF;Achraf Dari;4;0;Brest;Morocco;;;69.00.00
FW;Walid Cheddira;2;0;Bari;Morocco;508.00.00;Italy;67.00.00
GK;Ahmed Reda Tagnaouti;3;0;Wydad AC;Morocco;968.00.00;Morocco;71.00.00
MF;Bilal El Khannous;0;0;Genk;Morocco;742.00.00;Belgium;63.00.00
DF;Badr Benoun;3;0;Qatar SC;Morocco;2907.00.00;Qatar;
DF;Yahia Attiyat Allah;2;0;Wydad AC;Morocco;968.00.00;Morocco;
MF;Yahya Jabrane;5;0;Wydad AC;Morocco;968.00.00;Morocco;
GK;Alisson;57;0;Liverpool;Brazil;40.00.00;England;89.00.00
DF;Danilo;46;1;Juventus;Brazil;496.00.00;Italy;80.00.00
DF;Thiago Silva;109;7;Chelsea;Brazil;49.00.00;England;86.00.00
DF;Marquinhos;71;5;Paris Saint-Germain;Brazil;;;88.00.00
MF;Casemiro;65;5;Manchester United;Brazil;33.00.00;England;89.00.00
DF;Alex Sandro;37;2;Juventus;Brazil;496.00.00;Italy;80.00.00
MF;Lucas Paqueta;35;7;West Ham United;Brazil;;;82.00.00
MF;Fred;28;0;Manchester United;Brazil;33.00.00;England;80.00.00
FW;Richarlison;38;17;Tottenham Hotspur;Brazil;;;81.00.00
FW;Neymar;121;75;Paris Saint-Germain;Brazil;;;89.00.00
FW;Raphinha;11;5;Barcelona;Brazil;529.00.00;Spain;83.00.00
GK;Weverton;8;0;Palmeiras;Brazil;121.00.00;Brazil;80.00.00
DF;Dani Alves;124;8;UNAM;Brazil;;;80.00.00
DF;Eder Militao;23;1;Real Madrid;Brazil;541.00.00;Spain;84.00.00
MF;Fabinho;28;0;Liverpool;Brazil;40.00.00;England;87.00.00
DF;Alex Telles;8;0;Sevilla;Brazil;536.00.00;Spain;80.00.00
MF;Bruno Guimaraes;8;1;Newcastle United;Brazil;;;81.00.00
FW;Gabriel Jesus;56;19;Arsenal;Brazil;42.00.00;England;83.00.00
FW;Antony;11;2;Manchester United;Brazil;33.00.00;England;82.00.00
FW;Vinicius Junior;16;1;Real Madrid;Brazil;541.00.00;Spain;86.00.00
FW;Rodrygo;7;1;Real Madrid;Brazil;541.00.00;Spain;81.00.00
MF;Everton Ribeiro;21;3;Flamengo;Brazil;127.00.00;Brazil;81.00.00
GK;Ederson;18;0;Manchester City;Brazil;50.00.00;England;89.00.00
DF;Bremer;1;0;Juventus;Brazil;496.00.00;Italy;83.00.00
FW;Pedro;2;1;Flamengo;Brazil;127.00.00;Brazil;79.00.00
FW;Gabriel Martinelli;3;0;Arsenal;Brazil;42.00.00;England;78.00.00
GK;Simon Ngapandouetnbu;0;0;Marseille;Cameroon;81.00.00;France;66.00.00
DF;Jerome Ngom Mbekeli;2;0;Colombe Sportive;Cameroon;;;
DF;Nicolas Nkoulou;78;2;Aris;Cameroon;3408.00.00;Cyprus;
DF;Christopher Wooh;3;0;Rennes;Cameroon;94.00.00;France;68.00.00
MF;Gael Ondoua;4;0;Hannover 96;Cameroon;166.00.00;Germany;68.00.00
FW;Moumi Ngamaleu;42;4;Dynamo Moscow;Cameroon;;;78.00.00
MF;Georges-Kevin Nkoudou;2;0;Besiktas;Cameroon;;;75.00.00
MF;Andre-Frank Zambo Anguissa;43;5;Napoli;Cameroon;492.00.00;Italy;81.00.00
FW;Jean-Pierre Nsame;4;0;Young Boys;Cameroon;;;75.00.00
FW;Vincent Aboubakar;91;33;Al-Nassr;Cameroon;2939.00.00;Saudi Arabia;75.00.00
FW;Christian Bassogog;43;7;Shanghai Shenhua;Cameroon;833.00.00;China;74.00.00
FW;Karl Toko Ekambi;51;12;Lyon;Cameroon;80.00.00;France;78.00.00
FW;Eric Maxim Choupo-Moting;69;19;Bayern Munich;Cameroon;157.00.00;Germany;80.00.00
MF;Samuel Gouet;22;0;Mechelen;Cameroon;;;
MF;Pierre Kunde;32;1;Olympiacos;Cameroon;;;78.00.00
GK;Devis Epassy;5;0;Abha;Cameroon;2951.00.00;Saudi Arabia;66.00.00
DF;Olivier Mbaizo;11;0;Philadelphia Union;Cameroon;1599.00.00;USA;67.00.00
MF;Martin Hongla;19;0;Hellas Verona;Cameroon;;;72.00.00
DF;Collins Fai;52;0;Al-Tai;Cameroon;;;70.00.00
FW;Bryan Mbeumo;3;0;Brentford;Cameroon;55.00.00;England;75.00.00
DF;Jean-Charles Castelletto;14;0;Nantes;Cameroon;83.00.00;France;74.00.00
MF;Olivier Ntcham;3;0;Swansea City;Cameroon;;;71.00.00
GK;Andre Onana;33;0;Internazionale;Cameroon;;;82.00.00
DF;Enzo Ebosse;2;0;Udinese;Cameroon;494.00.00;Italy;70.00.00
DF;Nouhou Tolo;18;0;Seattle Sounders FC;Cameroon;;;70.00.00
MF;Souaibou Marou;3;1;Coton Sport;Cameroon;;;
GK;Marko Dmitrovic;19;0;Sevilla;Serbia;536.00.00;Spain;80.00.00
DF;Strahinja Pavlovic;22;1;Red Bull Salzburg;Serbia;571.00.00;Austria;71.00.00
DF;Strahinja Erakovic;2;0;Red Star Belgrade;Serbia;;;
DF;Nikola Milenkovic;39;3;Fiorentina;Serbia;502.00.00;Italy;80.00.00
DF;Milos Veljkovic;21;0;Werder Bremen;Serbia;162.00.00;Germany;73.00.00
MF;Nemanja Maksimovic;40;0;Getafe;Serbia;546.00.00;Spain;79.00.00
FW;Nemanja Radonjic;36;5;Torino;Serbia;503.00.00;Italy;74.00.00
MF;Nemanja Gudelj;49;1;Sevilla;Serbia;536.00.00;Spain;79.00.00
FW;Aleksandar Mitrovic;76;50;Fulham;Serbia;36.00.00;England;78.00.00
FW;Dusan Tadic;91;20;Ajax;Serbia;194.00.00;netherlands;84.00.00
FW;Luka Jovic;29;10;Fiorentina;Serbia;502.00.00;Italy;79.00.00
GK;Predrag Rajkovic;28;0;Mallorca;Serbia;798.00.00;Spain;78.00.00
DF;Stefan Mitrovic;35;0;Getafe;Serbia;546.00.00;Spain;74.00.00
MF;Andrija Zivkovic;29;1;PAOK;Serbia;619.00.00;Greece;77.00.00
DF;Sran Babic;2;0;Almeria;Serbia;;;73.00.00
MF;Sasa Lukic;32;2;Torino;Serbia;503.00.00;Italy;77.00.00
MF;Filip Kostic;50;3;Juventus;Serbia;496.00.00;Italy;85.00.00
FW;Dusan Vlahovic;17;9;Juventus;Serbia;496.00.00;Italy;84.00.00
MF;Uros Racic;9;0;Braga;Serbia;;;75.00.00
MF;Sergej Milinkovic-Savic;36;6;Lazio;Serbia;487.00.00;Italy;86.00.00
FW;Filip uricic;37;5;Sampdoria;Serbia;498.00.00;Italy;79.00.00
MF;Darko Lazovic;26;1;Hellas Verona;Serbia;;;77.00.00
GK;Vanja Milinkovic-Savic;7;0;Torino;Serbia;503.00.00;Italy;73.00.00
MF;Ivan Ilic;6;0;Hellas Verona;Serbia;;;76.00.00
DF;Filip Mladenovic;20;1;Legia Warsaw;Serbia;;;69.00.00
MF;Marko Grujic;18;0;Porto;Serbia;;;76.00.00
GK;Yann Sommer;77;0;Borussia Monchengladbach;Switzerland;;;85.00.00
DF;Edimilson Fernandes;22;2;Mainz 05;Switzerland;;;71.00.00
DF;Silvan Widmer;34;2;Mainz 05;Switzerland;;;77.00.00
DF;Nico Elvedi;41;1;Borussia Monchengladbach;Switzerland;;;77.00.00
DF;Manuel Akanji;43;1;Manchester City;Switzerland;50.00.00;England;81.00.00
MF;Denis Zakaria;43;3;Chelsea;Switzerland;49.00.00;England;81.00.00
FW;Breel Embolo;59;11;Monaco;Switzerland;91.00.00;France;77.00.00
MF;Remo Freuler;49;5;Nottingham Forest;Switzerland;65.00.00;England;80.00.00
FW;Haris Seferovic;89;25;Galatasaray;Switzerland;645.00.00;Turkey;76.00.00
MF;Granit Xhaka;107;12;Arsenal;Switzerland;42.00.00;England;79.00.00
DF;Renato Steffen;28;1;Lugano;Switzerland;;;76.00.00
GK;Jonas Omlin;4;0;Montpellier;Switzerland;82.00.00;France;79.00.00
DF;Ricardo Rodriguez;100;9;Torino;Switzerland;503.00.00;Italy;74.00.00
MF;Michel Aebischer;12;0;Bologna;Switzerland;500.00.00;Italy;75.00.00
MF;Djibril Sow;32;0;Eintracht Frankfurt;Switzerland;169.00.00;Germany;80.00.00
MF;Christian Fassnacht;16;4;Young Boys;Switzerland;;;76.00.00
FW;Ruben Vargas;27;4;FC Augsburg;Switzerland;170.00.00;Germany;75.00.00
DF;Eray Comert;10;0;Valencia;Switzerland;532.00.00;Spain;72.00.00
FW;Noah Okafor;9;2;Red Bull Salzburg;Switzerland;571.00.00;Austria;75.00.00
MF;Fabian Frei;22;3;Basel;Switzerland;;;71.00.00
GK;Gregor Kobel;3;0;Borussia Dortmund;Switzerland;165.00.00;Germany;83.00.00
DF;Fabian Schar;73;8;Newcastle United;Switzerland;;;77.00.00
MF;Xherdan Shaqiri;109;26;Chicago Fire FC;Switzerland;;;76.00.00
GK;Philipp Kohn;0;0;Red Bull Salzburg;Switzerland;571.00.00;Austria;70.00.00
MF;Fabian Rieder;0;0;Young Boys;Switzerland;;;68.00.00
MF;Ardon Jashari;1;0;Luzern;Switzerland;;;65.00.00
GK;Lawrence Ati-Zigi;11;0;St. Gallen;Ghana;;;
DF;Tariq Lamptey;2;0;Brighton & Hove Albion;Ghana;;;75.00.00
DF;Denis Odoi;4;0;Club Brugge;Ghana;;;72.00.00
DF;Mohammed Salisu;3;1;Southampton;Ghana;41.00.00;England;77.00.00
MF;Thomas Partey;40;13;Arsenal;Ghana;42.00.00;England;84.00.00
MF;Elisha Owusu;3;0;Gent;Ghana;631.00.00;Belgium;71.00.00
MF;Abdul Fatawu Issahaku;13;1;Sporting CP;Ghana;228.00.00;Portugal;67.00.00
MF;Daniel-Kofi Kyereh;15;0;SC Freiburg;Ghana;160.00.00;Germany;75.00.00
FW;Jordan Ayew;84;19;Crystal Palace;Ghana;52.00.00;England;75.00.00
FW;Andre Ayew;110;23;Al-Sadd;Ghana;;;75.00.00
MF;Osman Bukari;7;1;Red Star Belgrade;Ghana;;;
GK;Ibrahim Danlad;4;0;Asante Kotoko;Ghana;6411.00.00;Ghana;68.00.00
MF;Daniel Afriyie;7;3;Hearts of Oak;Ghana;12249.0;Ghana;
DF;Gideon Mensah;12;0;Auxerre;Ghana;108.00.00;France;70.00.00
DF;Joseph Aidoo;11;0;Celta Vigo;Ghana;538.00.00;Spain;78.00.00
GK;Abdul Manaf Nurudeen;2;0;Eupen;Ghana;;;66.00.00
DF;Baba Rahman;48;1;Reading;Ghana;53.00.00;England;70.00.00
DF;Daniel Amartey;46;0;Leicester City;Ghana;;;76.00.00
FW;Inaki Williams;3;0;Athletic Bilbao;Ghana;;;81.00.00
MF;Mohammed Kudus;18;4;Ajax;Ghana;194.00.00;netherlands;76.00.00
MF;Salis Abdul Samed;1;0;Lens;Ghana;116.00.00;France;71.00.00
MF;Kamaldeen Sulemana;13;0;Rennes;Ghana;94.00.00;France;75.00.00
DF;Alexander Djiku;18;1;Strasbourg;Ghana;95.00.00;France;77.00.00
MF;Kamal Sowah;1;0;Club Brugge;Ghana;;;72.00.00
FW;Antoine Semenyo;4;1;Bristol City;Ghana;56.00.00;England;70.00.00
DF;Alidu Seidu;4;0;Clermont;Ghana;;;68.00.00
GK;Rui Patricio;105;0;Roma;Portugal;;;82.00.00
DF;Diogo Dalot;7;2;Manchester United;Portugal;33.00.00;England;78.00.00
DF;Pepe;129;7;Porto;Portugal;;;81.00.00
DF;Ruben Dias;40;2;Manchester City;Portugal;50.00.00;England;88.00.00
DF;Raphael Guerreiro;57;3;Borussia Dortmund;Portugal;165.00.00;Germany;82.00.00
MF;Joao Palhinha;15;2;Fulham;Portugal;36.00.00;England;81.00.00
FW;Cristiano Ronaldo;191;117;Manchester United;Portugal;33.00.00;England;90.00.00
MF;Bruno Fernandes;49;11;Manchester United;Portugal;33.00.00;England;86.00.00
FW;Andre Silva;52;19;RB Leipzig;Portugal;173.00.00;Germany;82.00.00
FW;Bernardo Silva;73;8;Manchester City;Portugal;50.00.00;England;88.00.00
FW;Joao Felix;24;3;Atletico Madrid;Portugal;;;84.00.00
GK;Jose Sa;0;0;Wolverhampton Wanderers;Portugal;;;81.00.00
DF;Danilo Pereira;63;2;Paris Saint-Germain;Portugal;;;80.00.00
MF;William Carvalho;76;5;Real Betis;Portugal;543.00.00;Spain;80.00.00
FW;Rafael Leao;11;0;Milan;Portugal;;;84.00.00
MF;Vitinha;5;0;Paris Saint-Germain;Portugal;;;79.00.00
MF;Joao Mario;53;3;Benfica;Portugal;211.00.00;Portugal;79.00.00
MF;Ruben Neves;32;0;Wolverhampton Wanderers;Portugal;;;83.00.00
DF;Nuno Mendes;17;0;Paris Saint-Germain;Portugal;;;80.00.00
DF;Joao Cancelo;37;7;Manchester City;Portugal;50.00.00;England;88.00.00
FW;Ricardo Horta;6;1;Braga;Portugal;;;81.00.00
GK;Diogo Costa;7;0;Porto;Portugal;;;79.00.00
MF;Matheus Nunes;9;1;Wolverhampton Wanderers;Portugal;;;79.00.00
DF;Antonio Silva;1;0;Benfica;Portugal;211.00.00;Portugal;66.00.00
MF;Otavio;8;2;Porto;Portugal;;;82.00.00
FW;Goncalo Ramos;1;1;Benfica;Portugal;211.00.00;Portugal;75.00.00
GK;Seny Dieng;4;0;Queens Park Rangers;Senegal;;;72.00.00
DF;Formose Mendy;2;0;Amiens;Senegal;87.00.00;France;65.00.00
DF;Kalidou Koulibaly;64;0;Chelsea;Senegal;49.00.00;England;87.00.00
DF;Pape Abou Cisse;13;1;Olympiacos;Senegal;;;79.00.00
MF;Idrissa Gueye;96;7;Everton;Senegal;45.00.00;England;82.00.00
MF;Nampalys Mendy;19;0;Leicester City;Senegal;;;74.00.00
FW;Nicolas Jackson;0;0;Villarreal;Senegal;533.00.00;Spain;71.00.00
DF;Cheikhou Kouyate;83;4;Nottingham Forest;Senegal;65.00.00;England;77.00.00
FW;Boulaye Dia;19;3;Salernitana;Senegal;514.00.00;Italy;79.00.00
MF;Pathe Ciss;1;0;Rayo Vallecano;Senegal;728.00.00;Spain;73.00.00
DF;Fode Ballo-Toure;14;0;Milan;Senegal;;;72.00.00
FW;Iliman Ndiaye;2;0;Sheffield United;Senegal;;;70.00.00
DF;Ismail Jakobs;2;0;Monaco;Senegal;91.00.00;France;71.00.00
MF;Krepin Diatta;26;2;Monaco;Senegal;91.00.00;France;74.00.00
GK;Edouard Mendy;25;0;Chelsea;Senegal;49.00.00;England;86.00.00
MF;Pape Matar Sarr;10;0;Tottenham Hotspur;Senegal;;;71.00.00
FW;Ismaila Sarr;48;10;Watford;Senegal;38.00.00;England;77.00.00
FW;Famara Diedhiou;25;10;Alanyaspor;Senegal;996.00.00;Turkey;70.00.00
FW;Bamba Dieng;13;1;Marseille;Senegal;81.00.00;France;74.00.00
DF;Youssouf Sabaly;24;0;Real Betis;Senegal;543.00.00;Spain;76.00.00
DF;Abdou Diallo;18;2;RB Leipzig;Senegal;173.00.00;Germany;77.00.00
GK;Alfred Gomis;14;0;Rennes;Senegal;94.00.00;France;77.00.00
DF;Moustapha Name;6;0;Pafos;Senegal;3403.00.00;Cyprus;
MF;Mamadou Loum;3;0;Reading;Senegal;53.00.00;England;73.00.00
MF;Pape Gueye;12;0;Marseille;Senegal;81.00.00;France;76.00.00
GK;Kim Seung-gyu;67;0;Al-Shabab;South Korea;;;
DF;Yoon Jong-gyu;4;0;FC Seoul;South Korea;2766.00.00;South Korea;
DF;Kim Jin-su;61;2;Jeonbuk Hyundai Motors;South Korea;;;
DF;Kim Min-jae;44;3;Napoli;South Korea;492.00.00;Italy;81.00.00
MF;Jung Woo-young;66;3;Al-Sadd;South Korea;;;
MF;Hwang In-beom;37;4;Olympiacos;South Korea;;;
MF;Son Heung-min;104;35;Tottenham Hotspur;South Korea;;;89.00.00
MF;Paik Seung-ho;14;2;Jeonbuk Hyundai Motors;South Korea;;;
FW;Cho Gue-sung;16;4;Jeonbuk Hyundai Motors;South Korea;;;
MF;Lee Jae-sung;64;9;Mainz 05;South Korea;;;79.00.00
MF;Hwang Hee-chan;49;9;Wolverhampton Wanderers;South Korea;;;80.00.00
GK;Song Bum-keun;1;0;Jeonbuk Hyundai Motors;South Korea;;;
MF;Son Jun-ho;15;0;Shandong Taishan;South Korea;;;
DF;Hong Chul;46;1;Daegu FC;South Korea;2747.00.00;South Korea;71.00.00
DF;Kim Moon-hwan;22;0;Jeonbuk Hyundai Motors;South Korea;;;
FW;Hwang Ui-jo;49;16;Olympiacos;South Korea;;;79.00.00
MF;Na Sang-ho;24;2;FC Seoul;South Korea;2766.00.00;South Korea;
MF;Lee Kang-in;6;0;Mallorca;South Korea;798.00.00;Spain;78.00.00
DF;Kim Young-gwon;96;6;Ulsan Hyundai;South Korea;;;
DF;Kwon Kyung-won;28;2;Gamba Osaka;South Korea;293.00.00;Japan;
GK;Jo Hyeon-woo;22;0;Ulsan Hyundai;South Korea;;;
MF;Kwon Chang-hoon;42;12;Gimcheon Sangmu;South Korea;;;
DF;Kim Tae-hwan;19;0;Ulsan Hyundai;South Korea;;;
DF;Cho Yu-min;4;0;Daejeon Hana Citizen;South Korea;;;
MF;Jeong Woo-yeong;9;2;SC Freiburg;South Korea;160.00.00;Germany;78.00.00
MF;Song Min-kyu;13;1;Jeonbuk Hyundai Motors;South Korea;;;
GK;Fernando Muslera;133;0;Galatasaray;Uruguay;645.00.00;Turkey;79.00.00
DF;Jose Gimenez;78;8;Atletico Madrid;Uruguay;;;83.00.00
DF;Diego Godin;159;8;Velez Sarsfield;Uruguay;;;77.00.00
DF;Ronald Araujo;12;0;Barcelona;Uruguay;529.00.00;Spain;83.00.00
MF;Matias Vecino;62;4;Lazio;Uruguay;487.00.00;Italy;77.00.00
MF;Rodrigo Bentancur;51;1;Tottenham Hotspur;Uruguay;;;79.00.00
MF;Nicolas de la Cruz;17;2;River Plate;Uruguay;435.00.00;Argentina;
FW;Facundo Pellistri;7;0;Manchester United;Uruguay;33.00.00;England;70.00.00
FW;Luis Suarez;134;68;Nacional;Uruguay;;;84.00.00
MF;Giorgian de Arrascaeta;40;8;Flamengo;Uruguay;127.00.00;Brazil;
FW;Darwin Nunez;13;3;Liverpool;Uruguay;40.00.00;England;82.00.00
GK;Sebastian Sosa;1;0;Independiente;Uruguay;453.00.00;Argentina;
DF;Guillermo Varela;9;0;Flamengo;Uruguay;127.00.00;Brazil;
MF;Lucas Torreira;40;0;Galatasaray;Uruguay;645.00.00;Turkey;81.00.00
MF;Federico Valverde;44;4;Real Madrid;Uruguay;541.00.00;Spain;84.00.00
DF;Mathias Olivera;8;0;Napoli;Uruguay;492.00.00;Italy;77.00.00
DF;Matias Vina;26;0;Roma;Uruguay;;;75.00.00
FW;Maxi Gomez;27;4;Trabzonspor;Uruguay;998.00.00;Turkey;78.00.00
DF;Sebastian Coates;47;1;Sporting CP;Uruguay;228.00.00;Portugal;82.00.00
FW;Facundo Torres;10;0;Orlando City SC;Uruguay;1598.00.00;USA;73.00.00
FW;Edinson Cavani;133;58;Valencia;Uruguay;532.00.00;Spain;81.00.00
DF;Martin Caceres;115;4;LA Galaxy;Uruguay;;;73.00.00
GK;Sergio Rochet;8;0;Nacional;Uruguay;;;78.00.00
MF;Agustin Canobbio;3;0;Athletico Paranaense;Uruguay;;;
MF;Manuel Ugarte;6;0;Sporting CP;Uruguay;228.00.00;Portugal;77.00.00
DF;Jose Luis Rodriguez;0;0;Nacional;Uruguay;;;70.00.00
GK;Jordan Pickford;45;0;Everton;England;45.00.00;England;82.00.00
DF;Kyle Walker;70;0;Manchester City;England;50.00.00;England;85.00.00
DF;Luke Shaw;23;3;Manchester United;England;33.00.00;England;80.00.00
MF;Declan Rice;34;2;West Ham United;England;;;84.00.00
DF;John Stones;59;3;Manchester City;England;50.00.00;England;83.00.00
DF;Harry Maguire;48;7;Manchester United;England;33.00.00;England;81.00.00
FW;Jack Grealish;24;1;Manchester City;England;50.00.00;England;84.00.00
MF;Jordan Henderson;70;2;Liverpool;England;40.00.00;England;83.00.00
FW;Harry Kane;75;51;Tottenham Hotspur;England;;;89.00.00
FW;Raheem Sterling;79;19;Chelsea;England;49.00.00;England;86.00.00
FW;Marcus Rashford;46;12;Manchester United;England;33.00.00;England;81.00.00
DF;Kieran Trippier;37;1;Newcastle United;England;;;84.00.00
GK;Nick Pope;10;0;Newcastle United;England;;;81.00.00
MF;Kalvin Phillips;23;0;Manchester City;England;50.00.00;England;81.00.00
DF;Eric Dier;47;3;Tottenham Hotspur;England;;;80.00.00
DF;Conor Coady;10;1;Everton;England;45.00.00;England;79.00.00
FW;Bukayo Saka;20;4;Arsenal;England;42.00.00;England;82.00.00
DF;Trent Alexander-Arnold;17;1;Liverpool;England;40.00.00;England;87.00.00
MF;Mason Mount;32;5;Chelsea;England;49.00.00;England;84.00.00
MF;Phil Foden;18;2;Manchester City;England;50.00.00;England;85.00.00
DF;Ben White;4;0;Arsenal;England;42.00.00;England;79.00.00
MF;Jude Bellingham;17;0;Borussia Dortmund;England;165.00.00;Germany;84.00.00
GK;Aaron Ramsdale;3;0;Arsenal;England;42.00.00;England;82.00.00
FW;Callum Wilson;4;1;Newcastle United;England;;;79.00.00
MF;James Maddison;1;0;Leicester City;England;;;82.00.00
MF;Conor Gallagher;4;0;Chelsea;England;49.00.00;England;79.00.00
GK;Alireza Beiranvand;52;0;Persepolis;Iran;;;
DF;Sadegh Moharrami;21;0;Dinamo Zagreb;Iran;620.00.00;Croatia;72.00.00
DF;Ehsan Hajsafi;121;7;AEK Athens;Iran;;;
DF;Shojae Khalilzadeh;25;1;Al-Ahli Doha;Iran;;;
DF;Milad Mohammadi;45;1;AEK Athens;Iran;;;72.00.00
MF;Saeid Ezatolahi;47;1;Vejle;Iran;395.00.00;Denmark;
MF;Alireza Jahanbakhsh;64;13;Feyenoord;Iran;209.00.00;netherlands;72.00.00
DF;Morteza Pouraliganji;46;3;Persepolis;Iran;;;
FW;Mehdi Taremi;60;28;Porto;Iran;;;81.00.00
FW;Karim Ansarifard;94;29;Omonia;Iran;;;
MF;Vahid Amiri;68;2;Persepolis;Iran;;;
GK;Payam Niazmand;1;0;Sepahan;Iran;;;
DF;Hossein Kanaanizadegan;35;2;Al-Ahli Doha;Iran;;;
MF;Saman Ghoddos;33;2;Brentford;Iran;55.00.00;England;68.00.00
DF;Rouzbeh Cheshmi;19;1;Esteghlal;Iran;;;
MF;Mehdi Torabi;36;7;Persepolis;Iran;;;
MF;Ali Gholizadeh;26;6;Charleroi;Iran;736.00.00;Belgium;73.00.00
MF;Ali Karimi;13;0;Kayserispor;Iran;1001.00.00;Turkey;65.00.00
DF;Majid Hosseini;18;0;Kayserispor;Iran;1001.00.00;Turkey;68.00.00
FW;Sardar Azmoun;65;41;Bayer Leverkusen;Iran;168.00.00;Germany;80.00.00
MF;Ahmad Nourollahi;25;3;Shabab Al-Ahli;Iran;;;
GK;Amir Abedzadeh;11;0;Ponferradina;Iran;4907.00.00;Spain;72.00.00
DF;Ramin Rezaeian;46;2;Sepahan;Iran;;;
GK;Hossein Hosseini;6;0;Esteghlal;Iran;;;
DF;Abolfazl Jalali;3;0;Esteghlal;Iran;;;
GK;Matt Turner;20;0;Arsenal;United States;42.00.00;England;77.00.00
DF;Sergino Dest;19;2;Milan;United States;;;77.00.00
DF;Walker Zimmerman;33;3;Nashville SC;United States;9569.00.00;USA;76.00.00
MF;Tyler Adams;32;1;Leeds United;United States;;;76.00.00
DF;Antonee Robinson;29;2;Fulham;United States;36.00.00;England;74.00.00
MF;Yunus Musah;19;0;Valencia;United States;532.00.00;Spain;74.00.00
FW;Giovanni Reyna;14;4;Borussia Dortmund;United States;165.00.00;Germany;77.00.00
MF;Weston McKennie;37;9;Juventus;United States;496.00.00;Italy;80.00.00
FW;Jesus Ferreira;15;7;FC Dallas;United States;1597.00.00;USA;74.00.00
FW;Christian Pulisic;52;21;Chelsea;United States;49.00.00;England;82.00.00
FW;Brenden Aaronson;24;6;Leeds United;United States;;;74.00.00
GK;Ethan Horvath;8;0;Luton Town;United States;;;71.00.00
DF;Tim Ream;46;1;Fulham;United States;36.00.00;England;70.00.00
MF;Luca de la Torre;12;0;Celta Vigo;United States;538.00.00;Spain;71.00.00
DF;Aaron Long;29;3;New York Red Bulls;United States;1602.00.00;USA;73.00.00
FW;Jordan Morris;49;11;Seattle Sounders FC;United States;;;71.00.00
MF;Cristian Roldan;32;0;Seattle Sounders FC;United States;;;75.00.00
DF;Shaq Moore;15;1;Nashville SC;United States;9569.00.00;USA;
FW;Haji Wright;3;1;Antalyaspor;United States;1005.00.00;Turkey;68.00.00
DF;Cameron Carter-Vickers;11;0;Celtic;United States;247.00.00;Scotland;74.00.00
FW;Timothy Weah;25;3;Lille;United States;79.00.00;France;74.00.00
DF;DeAndre Yedlin;75;0;Inter Miami CF;United States;;;70.00.00
MF;Kellyn Acosta;53;2;Los Angeles FC;United States;1616.00.00;USA;72.00.00
FW;Josh Sargent;20;5;Norwich City;United States;;;69.00.00
GK;Sean Johnson;10;0;New York City FC;United States;1604.00.00;USA;73.00.00
DF;Joe Scally;3;0;Borussia Monchengladbach;United States;;;72.00.00
GK;Wayne Hennessey;106;0;Nottingham Forest;Wales;65.00.00;England;74.00.00
DF;Chris Gunter;109;0;AFC Wimbledon;Wales;;;62.00.00
DF;Neco Williams;23;2;Nottingham Forest;Wales;65.00.00;England;71.00.00
DF;Ben Davies;74;1;Tottenham Hotspur;Wales;;;79.00.00
DF;Chris Mepham;33;0;Bournemouth;Wales;35.00.00;England;71.00.00
DF;Joe Rodon;30;0;Rennes;Wales;94.00.00;France;72.00.00
MF;Joe Allen;72;2;Swansea City;Wales;;;71.00.00
MF;Harry Wilson;39;5;Fulham;Wales;36.00.00;England;76.00.00
FW;Brennan Johnson;15;2;Nottingham Forest;Wales;65.00.00;England;75.00.00
MF;Aaron Ramsey;75;20;Nice;Wales;84.00.00;France;76.00.00
FW;Gareth Bale;108;40;Los Angeles FC;Wales;1616.00.00;USA;81.00.00
GK;Danny Ward;26;0;Leicester City;Wales;;;75.00.00
FW;Kieffer Moore;28;9;Bournemouth;Wales;35.00.00;England;73.00.00
DF;Connor Roberts;41;3;Burnley;Wales;44.00.00;England;75.00.00
DF;Ethan Ampadu;37;0;Spezia;Wales;515.00.00;Italy;73.00.00
MF;Joe Morrell;30;0;Portsmouth;Wales;;;67.00.00
DF;Tom Lockyer;14;0;Luton Town;Wales;;;70.00.00
MF;Jonny Williams;33;2;Swindon Town;Wales;;;62.00.00
FW;Mark Harris;5;0;Cardiff City;Wales;;;67.00.00
FW;Daniel James;38;5;Fulham;Wales;36.00.00;England;77.00.00
GK;Adam Davies;4;0;Sheffield United;Wales;;;70.00.00
MF;Sorba Thomas;6;0;Huddersfield Town;Wales;;;71.00.00
MF;Dylan Levitt;13;0;Dundee United;Wales;;;66.00.00
DF;Ben Cabango;5;0;Swansea City;Wales;;;70.00.00
MF;Rubin Colwill;7;1;Cardiff City;Wales;;;67.00.00
MF;Matthew Smith;19;0;Milton Keynes Dons;Wales;;;64.00.00
GK;Franco Armani;18;0;River Plate;Argentina;435.00.00;Argentina;79.00.00
DF;Juan Foyth;16;0;Villarreal;Argentina;533.00.00;Spain;79.00.00
DF;Nicolas Tagliafico;42;0;Lyon;Argentina;80.00.00;France;81.00.00
DF;Gonzalo Montiel;18;0;Sevilla;Argentina;536.00.00;Spain;79.00.00
MF;Leandro Paredes;46;4;Juventus;Argentina;496.00.00;Italy;80.00.00
DF;German Pezzella;32;2;Real Betis;Argentina;543.00.00;Spain;77.00.00
MF;Rodrigo De Paul;44;2;Atletico Madrid;Argentina;;;84.00.00
MF;Marcos Acuna;43;0;Sevilla;Argentina;536.00.00;Spain;85.00.00
FW;Julian Alvarez;12;3;Manchester City;Argentina;50.00.00;England;78.00.00
FW;Lionel Messi;165;91;Paris Saint-Germain;Argentina;;;91.00.00
FW;Angel Di Maria;124;27;Juventus;Argentina;496.00.00;Italy;84.00.00
GK;Geronimo Rulli;4;0;Villarreal;Argentina;533.00.00;Spain;82.00.00
DF;Cristian Romero;12;1;Tottenham Hotspur;Argentina;;;83.00.00
MF;Exequiel Palacios;20;0;Bayer Leverkusen;Argentina;168.00.00;Germany;78.00.00
FW;Angel Correa;22;3;Atletico Madrid;Argentina;;;83.00.00
MF;Thiago Almada;1;0;Atlanta United FC;Argentina;1608.00.00;USA;76.00.00
MF;Papu Gomez;15;3;Sevilla;Argentina;536.00.00;Spain;84.00.00
MF;Guido Rodriguez;26;1;Real Betis;Argentina;543.00.00;Spain;81.00.00
DF;Nicolas Otamendi;93;4;Benfica;Argentina;211.00.00;Portugal;81.00.00
MF;Alexis Mac Allister;8;0;Brighton & Hove Albion;Argentina;;;76.00.00
FW;Paulo Dybala;34;3;Roma;Argentina;;;86.00.00
FW;Lautaro Martinez;40;21;Internazionale;Argentina;;;86.00.00
GK;Emiliano Martinez;19;0;Aston Villa;Argentina;66.00.00;England;84.00.00
MF;Enzo Fernandez;3;0;Benfica;Argentina;211.00.00;Portugal;78.00.00
DF;Lisandro Martinez;10;0;Manchester United;Argentina;33.00.00;England;81.00.00
DF;Nahuel Molina;20;0;Atletico Madrid;Argentina;;;78.00.00
GK;Alfredo Talavera;40;0;Juarez;Mexico;;;79.00.00
DF;Nestor Araujo;63;3;America;Mexico;;;
DF;Cesar Montes;30;1;Monterrey;Mexico;2282.00.00;mexico;77.00.00
DF;Edson Alvarez;58;3;Ajax;Mexico;194.00.00;netherlands;80.00.00
DF;Johan Vasquez;7;0;Cremonese;Mexico;520.00.00;Italy;72.00.00
DF;Gerardo Arteaga;17;1;Genk;Mexico;742.00.00;Belgium;72.00.00
MF;Luis Romo;27;1;Monterrey;Mexico;2282.00.00;mexico;76.00.00
MF;Carlos Rodriguez;36;0;Cruz Azul;Mexico;2295.00.00;mexico;76.00.00
FW;Raul Jimenez;95;29;Wolverhampton Wanderers;Mexico;;;82.00.00
FW;Alexis Vega;22;6;Guadalajara;Mexico;;;77.00.00
FW;Rogelio Funes Mori;16;6;Monterrey;Mexico;2282.00.00;mexico;
GK;Rodolfo Cota;8;0;Leon;Mexico;;;76.00.00
GK;Guillermo Ochoa;131;0;America;Mexico;;;80.00.00
MF;Erick Gutierrez;34;1;PSV Eindhoven;Mexico;197.00.00;netherlands;76.00.00
DF;Hector Moreno;128;5;Monterrey;Mexico;2282.00.00;mexico;76.00.00
MF;Hector Herrera;102;10;Houston Dynamo FC;Mexico;;;80.00.00
FW;Orbelin Pineda;50;6;AEK Athens;Mexico;;;76.00.00
MF;Andres Guardado;178;28;Real Betis;Mexico;543.00.00;Spain;77.00.00
DF;Jorge Sanchez;26;1;Ajax;Mexico;194.00.00;netherlands;76.00.00
FW;Henry Martin;27;6;America;Mexico;;;76.00.00
FW;Uriel Antuna;36;9;Cruz Azul;Mexico;2295.00.00;mexico;75.00.00
FW;Hirving Lozano;60;16;Napoli;Mexico;492.00.00;Italy;81.00.00
DF;Jesus Gallardo;78;1;Monterrey;Mexico;2282.00.00;mexico;75.00.00
MF;Luis Chavez;9;0;Pachuca;Mexico;2292.00.00;mexico;
FW;Roberto Alvarado;31;4;Guadalajara;Mexico;;;
DF;Kevin Alvarez;8;0;Pachuca;Mexico;2292.00.00;mexico;