Unnamed: 0,No.,Pos.,Player,Date of birth (age),Caps,Goals,Club,Country
0,1,GK,Hernán Galíndez,,12,0,Aucas,Ecuador
1,2,DF,Félix Torres,,17,2,Santos Laguna,Ecuador
2,3,DF,Piero Hincapié,,21,1,Bayer Leverkusen,Ecuador
3,4,DF,Robert Arboleda,,33,2,São Paulo,Ecuador
4,5,MF,José Cifuentes,,11,0,Los Angeles FC,Ecuador
5,6,DF,William Pacho,,0,0,Antwerp,Ecuador
6,7,DF,Pervis Estupiñán,,28,3,Brighton & Hove Albion,Ecuador
7,8,MF,Carlos Gruezo,,46,1,FC Augsburg,Ecuador
8,9,MF,Ayrton Preciado,,27,3,Santos Laguna,Ecuador
9,10,MF,Romario Ibarra,,25,3,Pachuca,Ecuador
10,11,FW,Michael Estrada,,36,8,Cruz Azul,Ecuador
11,12,GK,Moisés Ramírez,,2,0,Independiente del Valle,Ecuador
12,13,FW,Enner Valencia (captain),,74,35,Fenerbahçe,Ecuador
13,14,DF,Xavier Arreaga,,18,1,Seattle Sounders FC,Ecuador
14,15,MF,Ángel Mena,,46,7,León,Ecuador
15,16,MF,Jeremy Sarmiento,,9,0,Brighton & Hove Albion,Ecuador
16,17,DF,Ángelo Preciado,,24,0,Genk,Ecuador
17,18,DF,Diego Palacios,,12,0,Los Angeles FC,Ecuador
18,19,MF,Gonzalo Plata,,30,5,Valladolid,Ecuador
19,20,MF,Sebas Méndez,,32,0,Los Angeles FC,Ecuador
20,21,MF,Alan Franco,,25,1,Talleres,Ecuador
21,22,GK,Alexander Domínguez,,68,0,LDU Quito,Ecuador
22,23,MF,Moisés Caicedo,,25,2,Brighton & Hove Albion,Ecuador
23,24,FW,Djorkaeff Reasco,,4,0,Newell's Old Boys,Ecuador
24,25,DF,Jackson Porozo,,5,0,Troyes,Ecuador
25,26,FW,Kevin Rodríguez,,1,0,Imbabura,Ecuador
0,1,GK,Remko Pasveer,,2,0,Ajax,Netherlands
1,2,DF,Jurriën Timber,,10,0,Ajax,Netherlands
2,3,DF,Matthijs de Ligt,,38,2,Bayern Munich,Netherlands
3,4,DF,Virgil van Dijk (captain),,49,6,Liverpool,Netherlands
4,5,DF,Nathan Aké,,29,3,Manchester City,Netherlands
5,6,DF,Stefan de Vrij,,59,3,Internazionale,Netherlands
6,7,FW,Steven Bergwijn,,24,7,Ajax,Netherlands
7,8,FW,Cody Gakpo,,9,3,PSV Eindhoven,Netherlands
8,9,FW,Luuk de Jong,,38,8,PSV Eindhoven,Netherlands
9,10,FW,Memphis Depay,,81,42,Barcelona,Netherlands
10,11,MF,Steven Berghuis,,39,2,Ajax,Netherlands
11,12,FW,Noa Lang,,5,1,Club Brugge,Netherlands
12,13,GK,Justin Bijlow,,6,0,Feyenoord,Netherlands
13,14,MF,Davy Klaassen,,35,9,Ajax,Netherlands
14,15,MF,Marten de Roon,,30,0,Atalanta,Netherlands
15,16,DF,Tyrell Malacia,,6,0,Manchester United,Netherlands
16,17,DF,Daley Blind,,94,2,Ajax,Netherlands
17,18,FW,Vincent Janssen,,20,7,Antwerp,Netherlands
18,19,FW,Wout Weghorst,,15,3,Beşiktaş,Netherlands
19,20,MF,Teun Koopmeiners,,10,1,Atalanta,Netherlands
20,21,MF,Frenkie de Jong,,45,1,Barcelona,Netherlands
21,22,DF,Denzel Dumfries,,37,5,Internazionale,Netherlands
22,23,GK,Andries Noppert,,0,0,Heerenveen,Netherlands
23,24,MF,Kenneth Taylor,,2,0,Ajax,Netherlands
24,25,MF,Xavi Simons,,0,0,PSV Eindhoven,Netherlands
25,26,DF,Jeremie Frimpong,,0,0,Bayer Leverkusen,Netherlands
0,1,GK,Wojciech Szczęsny,,66,0,Juventus,Poland
1,2,DF,Matty Cash,,7,1,Aston Villa,Poland
2,3,DF,Artur Jędrzejczyk,,40,3,Legia Warsaw,Poland
3,4,DF,Mateusz Wieteska,,2,0,Clermont,Poland
4,5,DF,Jan Bednarek,,45,1,Aston Villa,Poland
5,6,MF,Krystian Bielik,,5,0,Birmingham City,Poland
6,7,FW,Arkadiusz Milik,,64,16,Juventus,Poland
7,8,MF,Damian Szymański,,9,1,AEK Athens,Poland
8,9,FW,Robert Lewandowski (captain),,134,76,Barcelona,Poland
9,10,MF,Grzegorz Krychowiak,,94,5,Al-Shabab,Poland
10,11,MF,Kamil Grosicki,,87,17,Pogoń Szczecin,Poland
11,12,GK,Łukasz Skorupski,,8,0,Bologna,Poland
12,13,MF,Jakub Kamiński,,4,1,VfL Wolfsburg,Poland
13,14,DF,Jakub Kiwior,,5,0,Spezia,Poland
14,15,DF,Kamil Glik,,99,6,Benevento,Poland
15,16,FW,Karol Świderski,,18,8,Charlotte FC,Poland
16,17,MF,Szymon Żurkowski,,7,0,Fiorentina,Poland
17,18,DF,Bartosz Bereszyński,,46,0,Sampdoria,Poland
18,19,MF,Sebastian Szymański,,18,1,Feyenoord,Poland
19,20,MF,Piotr Zieliński,,74,9,Napoli,Poland
20,21,MF,Nicola Zalewski,,7,0,Roma,Poland
21,22,GK,Kamil Grabara,,1,0,Copenhagen,Poland
22,23,FW,Krzysztof Piątek,,25,11,Salernitana,Poland
23,24,MF,Przemysław Frankowski,,26,1,Lens,Poland
24,25,DF,Robert Gumny,,5,0,FC Augsburg,Poland
25,26,MF,Michał Skóraś,,1,0,Lech Poznań,Poland
0,1,GK,Mohammed Al-Rubaie,,7,0,Al-Ahli,Saudi Arabia
1,2,DF,Sultan Al-Ghannam,,24,0,Al-Nassr,Saudi Arabia
2,3,DF,Abdullah Madu,,15,0,Al-Nassr,Saudi Arabia
3,4,DF,Abdulelah Al-Amri,,20,1,Al-Nassr,Saudi Arabia
4,5,DF,Ali Al-Bulaihi,,37,0,Al-Hilal,Saudi Arabia
5,6,DF,Mohammed Al-Breik,,40,1,Al-Hilal,Saudi Arabia
6,7,MF,Salman Al-Faraj (captain),,70,8,Al-Hilal,Saudi Arabia
7,8,MF,Abdulellah Al-Malki,,27,0,Al-Hilal,Saudi Arabia
8,9,FW,Firas Al-Buraikan,,26,6,Al-Fateh,Saudi Arabia
9,10,FW,Salem Al-Dawsari,,71,17,Al-Hilal,Saudi Arabia
10,11,FW,Saleh Al-Shehri,,20,10,Al-Hilal,Saudi Arabia
11,12,DF,Saud Abdulhamid,,23,1,Al-Hilal,Saudi Arabia
12,13,DF,Yasser Al-Shahrani,,72,2,Al-Hilal,Saudi Arabia
13,14,MF,Abdullah Otayf,,45,1,Al-Hilal,Saudi Arabia
14,15,MF,Ali Al-Hassan,,13,1,Al-Nassr,Saudi Arabia
15,16,MF,Sami Al-Najei,,17,2,Al-Nassr,Saudi Arabia
16,17,DF,Hassan Al-Tambakti,,19,0,Al-Shabab,Saudi Arabia
17,18,MF,Nawaf Al-Abed,,55,8,Al-Shabab,Saudi Arabia
18,19,FW,Hattan Bahebri,,41,4,Al-Shabab,Saudi Arabia
19,20,FW,Abdulrahman Al-Aboud,,3,0,Al-Ittihad,Saudi Arabia
20,21,GK,Mohammed Al-Owais,,42,0,Al-Hilal,Saudi Arabia
21,22,GK,Nawaf Al-Aqidi,,0,0,Al-Nassr,Saudi Arabia
22,23,MF,Mohamed Kanno,,38,1,Al-Hilal,Saudi Arabia
23,24,MF,Nasser Al-Dawsari,,10,0,Al-Hilal,Saudi Arabia
24,25,FW,Haitham Asiri,,8,1,Al-Ahli,Saudi Arabia
25,26,MF,Riyadh Sharahili,,5,0,Abha,Saudi Arabia
0,1,GK,Mathew Ryan (captain),,75,0,Copenhagen,Australia
1,2,DF,Miloš Degenek,,38,1,Columbus Crew,Australia
2,3,DF,Nathaniel Atkinson,,5,0,Heart of Midlothian,Australia
3,4,DF,Kye Rowles,,3,0,Heart of Midlothian,Australia
4,5,DF,Fran Karačić,,11,1,Brescia,Australia
5,6,FW,Martin Boyle,,19,5,Hibernian,Australia
6,7,FW,Mathew Leckie,,73,13,Melbourne City,Australia
7,8,DF,Bailey Wright,,27,2,Sunderland,Australia
8,9,FW,Jamie Maclaren,,26,8,Melbourne City,Australia
9,10,MF,Ajdin Hrustic,,20,3,Hellas Verona,Australia
10,11,FW,Awer Mabil,,29,8,Cádiz,Australia
11,12,GK,Andrew Redmayne,,4,0,Sydney FC,Australia
12,13,MF,Aaron Mooy,,53,7,Celtic,Australia
13,14,MF,Riley McGree,,11,1,Middlesbrough,Australia
14,15,FW,Mitchell Duke,,21,8,Fagiano Okayama,Australia
15,16,DF,Aziz Behich,,53,2,Dundee United,Australia
16,17,MF,Cameron Devlin,,1,0,Heart of Midlothian,Australia
17,18,GK,Danny Vukovic,,4,0,Central Coast Mariners,Australia
18,19,DF,Harry Souttar,,10,6,Stoke City,Australia
19,20,DF,Thomas Deng,,2,0,Albirex Niigata,Australia
20,21,FW,Garang Kuol,,1,0,Central Coast Mariners,Australia
21,22,MF,Jackson Irvine,,49,7,FC St. Pauli,Australia
22,23,FW,Craig Goodwin,,10,1,Adelaide United,Australia
23,24,DF,Joel King,,4,0,Odense Boldklub,Australia
24,25,FW,Jason Cummings,,1,1,Central Coast Mariners,Australia
25,26,MF,Keanu Baccus,,1,0,St Mirren,Australia
0,1,GK,Kasper Schmeichel,,86,0,Nice,Denmark
1,2,DF,Joachim Andersen,,19,0,Crystal Palace,Denmark
2,3,DF,Victor Nelsson,,7,0,Galatasaray,Denmark
3,4,DF,Simon Kjær (captain),,121,5,Milan,Denmark
4,5,DF,Joakim Mæhle,,31,9,Atalanta,Denmark
5,6,DF,Andreas Christensen,,58,2,Barcelona,Denmark
6,7,MF,Mathias Jensen,,20,1,Brentford,Denmark
7,8,MF,Thomas Delaney,,71,7,Sevilla,Denmark
8,9,FW,Martin Braithwaite,,62,10,Espanyol,Denmark
9,10,MF,Christian Eriksen,,117,39,Manchester United,Denmark
10,11,MF,Andreas Skov Olsen,,23,8,Club Brugge,Denmark
11,12,FW,Kasper Dolberg,,37,11,Sevilla,Denmark
12,13,DF,Rasmus Kristensen,,10,0,Leeds United,Denmark
13,14,MF,Mikkel Damsgaard,,18,4,Brentford,Denmark
14,15,MF,Christian Nørgaard,,17,1,Brentford,Denmark
15,16,GK,Oliver Christensen,,1,0,Hertha BSC,Denmark
16,17,DF,Jens Stryger Larsen,,49,3,Trabzonspor,Denmark
17,18,DF,Daniel Wass,,44,1,Brøndby,Denmark
18,19,FW,Jonas Wind,,15,5,VfL Wolfsburg,Denmark
19,20,FW,Yussuf Poulsen,,68,11,RB Leipzig,Denmark
20,21,FW,Andreas Cornelius,,41,9,Copenhagen,Denmark
21,22,GK,Frederik Rønnow,,8,0,Union Berlin,Denmark
22,23,MF,Pierre-Emile Højbjerg,,60,5,Tottenham Hotspur,Denmark
23,24,MF,Robert Skov,,11,5,1899 Hoffenheim,Denmark
24,25,MF,Jesper Lindstrøm,,6,1,Eintracht Frankfurt,Denmark
25,26,DF,Alexander Bah,,4,1,Benfica,Denmark
0,1,GK,Hugo Lloris (captain),,139,0,Tottenham Hotspur,France
1,2,DF,Benjamin Pavard,,46,2,Bayern Munich,France
2,3,DF,Axel Disasi,,0,0,Monaco,France
3,4,DF,Raphaël Varane,,87,5,Manchester United,France
4,5,DF,Jules Koundé,,12,0,Barcelona,France
5,6,MF,Matteo Guendouzi,,6,1,Marseille,France
6,7,FW,Antoine Griezmann,,110,42,Atlético Madrid,France
7,8,MF,Aurélien Tchouaméni,,14,1,Real Madrid,France
8,9,FW,Olivier Giroud,,114,49,Milan,France
9,10,FW,Kylian Mbappé,,59,28,Paris Saint-Germain,France
10,11,FW,Ousmane Dembélé,,28,4,Barcelona,France
11,12,FW,Randal Kolo Muani,,2,0,Eintracht Frankfurt,France
12,13,MF,Youssouf Fofana,,2,0,Monaco,France
13,14,MF,Adrien Rabiot,,29,2,Juventus,France
14,15,MF,Jordan Veretout,,5,0,Marseille,France
15,16,GK,Steve Mandanda,,34,0,Rennes,France
16,17,DF,William Saliba,,7,0,Arsenal,France
17,18,DF,Dayot Upamecano,,7,1,Bayern Munich,France
18,19,FW,Karim Benzema,,97,37,Real Madrid,France
19,20,FW,Kingsley Coman,,40,5,Bayern Munich,France
20,21,DF,Lucas Hernandez,,32,0,Bayern Munich,France
21,22,DF,Theo Hernandez,,7,1,Milan,France
22,23,GK,Alphonse Areola,,5,0,West Ham United,France
23,24,DF,Ibrahima Konaté,,2,0,Liverpool,France
24,25,MF,Eduardo Camavinga,,4,1,Real Madrid,France
25,26,FW,Marcus Thuram,,4,0,Borussia Mönchengladbach,France
0,1,GK,Aymen Mathlouthi,,73,0,ES Sahel,Tunisia
1,2,DF,Bilel Ifa,,37,0,Kuwait SC,Tunisia
2,3,DF,Montassar Talbi,,23,1,Lorient,Tunisia
3,4,DF,Yassine Meriah,,61,3,Espérance de Tunis,Tunisia
4,5,MF,Nader Ghandri,,8,0,Club Africain,Tunisia
5,6,DF,Dylan Bronn,,36,2,Salernitana,Tunisia
6,7,FW,Youssef Msakni (captain),,88,17,Al-Arabi,Tunisia
7,8,MF,Hannibal Mejbri,,19,0,Birmingham City,Tunisia
8,9,FW,Issam Jebali,,10,2,Odense Boldklub,Tunisia
9,10,FW,Wahbi Khazri,,72,24,Montpellier,Tunisia
10,11,FW,Taha Yassine Khenissi,,48,9,Kuwait SC,Tunisia
11,12,DF,Ali Maâloul,,83,2,Al Ahly,Tunisia
12,13,MF,Ferjani Sassi,,78,6,Al-Duhail,Tunisia
13,14,MF,Aïssa Laïdouni,,25,1,Ferencváros,Tunisia
14,15,MF,Mohamed Ali Ben Romdhane,,23,1,Espérance de Tunis,Tunisia
15,16,GK,Aymen Dahmen,,5,0,CS Sfaxien,Tunisia
16,17,MF,Ellyes Skhiri,,49,3,1. FC Köln,Tunisia
17,18,MF,Ghailene Chaalali,,31,1,Espérance de Tunis,Tunisia
18,19,FW,Seifeddine Jaziri,,29,10,Zamalek,Tunisia
19,20,DF,Mohamed Dräger,,34,3,Luzern,Tunisia
20,21,DF,Wajdi Kechrida,,19,0,Atromitos,Tunisia
21,22,GK,Bechir Ben Saïd,,10,0,US Monastir,Tunisia
22,23,FW,Naïm Sliti,,69,14,Al-Ettifaq,Tunisia
23,24,DF,Ali Abdi,,10,2,Caen,Tunisia
24,25,FW,Anis Ben Slimane,,25,4,Brøndby,Tunisia
25,26,GK,Mouez Hassen,,20,0,Club Africain,Tunisia
0,1,GK,Keylor Navas,,107,0,Paris Saint-Germain,Costa Rica
1,2,MF,Daniel Chacón,,8,0,Cartaginés,Costa Rica
2,3,DF,Juan Pablo Vargas,,12,1,Millonarios,Costa Rica
3,4,DF,Keysher Fuller,,31,2,Herediano,Costa Rica
4,5,MF,Celso Borges,,155,27,Alajuelense,Costa Rica
5,6,DF,Óscar Duarte,,71,4,Al-Wehda,Costa Rica
6,7,FW,Anthony Contreras,,9,2,Herediano,Costa Rica
7,8,DF,Bryan Oviedo,,76,2,Real Salt Lake,Costa Rica
8,9,MF,Jewison Bennette,,7,2,Sunderland,Costa Rica
9,10,MF,Bryan Ruiz (captain),,146,29,Alajuelense,Costa Rica
10,11,FW,Johan Venegas,,82,11,Alajuelense,Costa Rica
11,12,FW,Joel Campbell,,119,25,León,Costa Rica
12,13,MF,Gerson Torres,,13,1,Herediano,Costa Rica
13,14,MF,Youstin Salas,,4,0,Saprissa,Costa Rica
14,15,DF,Francisco Calvo,,75,8,Konyaspor,Costa Rica
15,16,DF,Carlos Martínez,,7,0,San Carlos,Costa Rica
16,17,MF,Yeltsin Tejeda,,73,0,Herediano,Costa Rica
17,18,GK,Esteban Alvarado,,25,0,Herediano,Costa Rica
18,19,DF,Kendall Waston,,63,9,Saprissa,Costa Rica
19,20,MF,Brandon Aguilera,,4,0,Guanacasteca,Costa Rica
20,21,MF,Douglas López,,3,0,Herediano,Costa Rica
21,22,DF,Rónald Matarrita,,52,3,FC Cincinnati,Costa Rica
22,23,GK,Patrick Sequeira,,2,0,Lugo,Costa Rica
23,24,MF,Roan Wilson,,3,0,Municipal Grecia,Costa Rica
24,25,MF,Anthony Hernández,,3,1,Puntarenas,Costa Rica
25,26,MF,Álvaro Zamora,,3,0,Saprissa,Costa Rica
0,1,GK,Manuel Neuer (captain),,114,0,Bayern Munich,Germany
1,2,DF,Antonio Rüdiger,,54,2,Real Madrid,Germany
2,3,DF,David Raum,,12,0,RB Leipzig,Germany
3,4,DF,Matthias Ginter,,47,2,SC Freiburg,Germany
4,5,DF,Thilo Kehrer,,23,0,West Ham United,Germany
5,6,MF,Joshua Kimmich,,71,5,Bayern Munich,Germany
6,7,FW,Kai Havertz,,31,10,Chelsea,Germany
7,8,MF,Leon Goretzka,,45,14,Bayern Munich,Germany
8,9,FW,Niclas Füllkrug,,1,1,Werder Bremen,Germany
9,10,FW,Serge Gnabry,,36,20,Bayern Munich,Germany
10,11,MF,Mario Götze,,63,17,Eintracht Frankfurt,Germany
11,12,GK,Kevin Trapp,,6,0,Eintracht Frankfurt,Germany
12,13,MF,Thomas Müller,,118,44,Bayern Munich,Germany
13,14,MF,Jamal Musiala,,17,1,Bayern Munich,Germany
14,15,DF,Niklas Süle,,42,1,Borussia Dortmund,Germany
15,16,DF,Lukas Klostermann,,19,0,RB Leipzig,Germany
16,17,MF,Julian Brandt,,39,3,Borussia Dortmund,Germany
17,18,MF,Jonas Hofmann,,17,4,Borussia Mönchengladbach,Germany
18,19,MF,Leroy Sané,,48,11,Bayern Munich,Germany
19,20,DF,Christian Günter,,7,0,SC Freiburg,Germany
20,21,MF,İlkay Gündoğan,,63,16,Manchester City,Germany
21,22,GK,Marc-André ter Stegen,,30,0,Barcelona,Germany
22,23,DF,Nico Schlotterbeck,,6,0,Borussia Dortmund,Germany
23,24,FW,Karim Adeyemi,,4,1,Borussia Dortmund,Germany
24,25,DF,Armel Bella-Kotchap,,2,0,Southampton,Germany
25,26,FW,Youssoufa Moukoko,,1,0,Borussia Dortmund,Germany
0,1,GK,Eiji Kawashima,,95,0,Strasbourg,Japan
1,2,DF,Miki Yamane,,15,2,Kawasaki Frontale,Japan
2,3,DF,Shogo Taniguchi,,14,0,Kawasaki Frontale,Japan
3,4,DF,Ko Itakura,,13,1,Borussia Mönchengladbach,Japan
4,5,DF,Yuto Nagatomo,,138,4,FC Tokyo,Japan
5,6,MF,Wataru Endo,,43,2,VfB Stuttgart,Japan
6,7,MF,Gaku Shibasaki,,60,3,Leganés,Japan
7,8,MF,Ritsu Dōan,,29,3,SC Freiburg,Japan
8,9,MF,Kaoru Mitoma,,9,5,Brighton & Hove Albion,Japan
9,10,MF,Takumi Minamino,,44,17,Monaco,Japan
10,11,MF,Takefusa Kubo,,20,1,Real Sociedad,Japan
11,12,GK,Shūichi Gonda,,34,0,Shimizu S-Pulse,Japan
12,13,MF,Hidemasa Morita,,17,2,Sporting CP,Japan
13,14,MF,Junya Ito,,38,9,Reims,Japan
14,15,MF,Daichi Kamada,,22,6,Eintracht Frankfurt,Japan
15,16,DF,Takehiro Tomiyasu,,29,1,Arsenal,Japan
16,17,MF,Ao Tanaka,,15,2,Fortuna Düsseldorf,Japan
17,18,FW,Takuma Asano,,37,7,VfL Bochum,Japan
18,19,DF,Hiroki Sakai,,72,1,Urawa Red Diamonds,Japan
19,20,FW,Shuto Machino,,4,3,Shonan Bellmare,Japan
20,21,FW,Ayase Ueda,,11,0,Cercle Brugge,Japan
21,22,DF,Maya Yoshida (captain),,122,12,Schalke 04,Japan
22,23,GK,Daniel Schmidt,,11,0,Sint-Truiden,Japan
23,24,MF,Yuki Soma,,8,4,Nagoya Grampus,Japan
24,25,FW,Daizen Maeda,,8,1,Celtic,Japan
25,26,DF,Hiroki Ito,,6,0,VfB Stuttgart,Japan
0,1,GK,Robert Sánchez,,2,0,Brighton & Hove Albion,Spain
1,2,DF,César Azpilicueta,,42,1,Chelsea,Spain
2,3,DF,Eric García,,19,0,Barcelona,Spain
3,4,DF,Pau Torres,,22,1,Villarreal,Spain
4,5,MF,Sergio Busquets (captain),,139,2,Barcelona,Spain
5,6,MF,Marcos Llorente,,17,0,Atlético Madrid,Spain
6,7,FW,Álvaro Morata,,57,27,Atlético Madrid,Spain
7,8,MF,Koke,,68,0,Atlético Madrid,Spain
8,9,MF,Gavi,,13,2,Barcelona,Spain
9,10,FW,Marco Asensio,,31,1,Real Madrid,Spain
10,11,FW,Ferran Torres,,31,13,Barcelona,Spain
11,12,FW,Nico Williams,,3,1,Athletic Bilbao,Spain
12,13,GK,David Raya,,2,0,Brentford,Spain
13,14,DF,Alejandro Balde,,0,0,Barcelona,Spain
14,15,DF,Hugo Guillamón,,3,1,Valencia,Spain
15,16,MF,Rodri,,35,1,Manchester City,Spain
16,17,FW,Yeremy Pino,,7,1,Villarreal,Spain
17,18,DF,Jordi Alba,,87,9,Barcelona,Spain
18,19,MF,Carlos Soler,,12,3,Paris Saint-Germain,Spain
19,20,DF,Dani Carvajal,,31,0,Real Madrid,Spain
20,21,FW,Dani Olmo,,25,4,RB Leipzig,Spain
21,22,FW,Pablo Sarabia,,25,9,Paris Saint-Germain,Spain
22,23,GK,Unai Simón,,27,0,Athletic Bilbao,Spain
23,24,DF,Aymeric Laporte,,16,1,Manchester City,Spain
24,25,FW,Ansu Fati,,5,2,Barcelona,Spain
25,26,MF,Pedri,,14,0,Barcelona,Spain
0,1,GK,Saad Al-Sheeb,,76,0,Al-Sadd,Qatar
1,2,DF,Ró-Ró,,80,1,Al-Sadd,Qatar
2,3,MF,Abdelkarim Hassan,,130,15,Al-Sadd,Qatar
3,4,DF,Mohammed Waad,,21,0,Al-Sadd,Qatar
4,5,DF,Tarek Salman,,58,0,Al-Sadd,Qatar
5,6,MF,Abdulaziz Hatem,,107,11,Al-Rayyan,Qatar
6,7,FW,Ahmed Alaaeldin,,47,2,Al-Gharafa,Qatar
7,8,MF,Ali Assadalla,,59,12,Al-Sadd,Qatar
8,9,FW,Mohammed Muntari,,48,13,Al-Duhail,Qatar
9,10,MF,Hassan Al-Haydos (captain),,169,36,Al-Sadd,Qatar
10,11,FW,Akram Afif,,89,26,Al-Sadd,Qatar
11,12,MF,Karim Boudiaf,,115,6,Al-Duhail,Qatar
12,13,DF,Musab Kheder,,30,0,Al-Sadd,Qatar
13,14,DF,Homam Ahmed,,29,2,Al-Gharafa,Qatar
14,15,DF,Bassam Al-Rawi,,58,2,Al-Duhail,Qatar
15,16,DF,Boualem Khoukhi,,105,20,Al-Sadd,Qatar
16,17,DF,Ismaeel Mohammad,,70,4,Al-Duhail,Qatar
17,18,FW,Khalid Muneer,,2,0,Al-Wakrah,Qatar
18,19,FW,Almoez Ali,,85,42,Al-Duhail,Qatar
19,20,MF,Salem Al-Hajri,,22,0,Al-Sadd,Qatar
20,21,GK,Yousef Hassan,,7,0,Al-Gharafa,Qatar
21,22,GK,Meshaal Barsham,,20,0,Al-Sadd,Qatar
22,23,MF,Assim Madibo,,43,0,Al-Duhail,Qatar
23,24,MF,Naif Al-Hadhrami,,1,0,Al-Rayyan,Qatar
24,25,MF,Jassem Gaber,,0,0,Al-Arabi,Qatar
25,26,MF,Mostafa Meshaal,,1,0,Al-Sadd,Qatar
0,1,GK,Thibaut Courtois,,97,0,Real Madrid,Belgium
1,2,DF,Toby Alderweireld,,124,5,Antwerp,Belgium
2,3,DF,Arthur Theate,,4,0,Rennes,Belgium
3,4,DF,Wout Faes,,1,0,Leicester City,Belgium
4,5,DF,Jan Vertonghen,,142,9,Anderlecht,Belgium
5,6,MF,Axel Witsel,,127,12,Atlético Madrid,Belgium
6,7,MF,Kevin De Bruyne,,94,25,Manchester City,Belgium
7,8,MF,Youri Tielemans,,55,5,Leicester City,Belgium
8,9,FW,Romelu Lukaku,,102,68,Internazionale,Belgium
9,10,FW,Eden Hazard (captain),,123,33,Real Madrid,Belgium
10,11,FW,Yannick Carrasco,,60,8,Atlético Madrid,Belgium
11,12,GK,Simon Mignolet,,35,0,Club Brugge,Belgium
12,13,GK,Koen Casteels,,4,0,VfL Wolfsburg,Belgium
13,14,FW,Dries Mertens,,107,21,Galatasaray,Belgium
14,15,MF,Thomas Meunier,,59,8,Borussia Dortmund,Belgium
15,16,MF,Thorgan Hazard,,45,9,Borussia Dortmund,Belgium
16,17,FW,Leandro Trossard,,21,5,Brighton & Hove Albion,Belgium
17,18,MF,Amadou Onana,,2,0,Everton,Belgium
18,19,DF,Leander Dendoncker,,29,1,Aston Villa,Belgium
19,20,MF,Hans Vanaken,,23,5,Club Brugge,Belgium
20,21,MF,Timothy Castagne,,26,2,Leicester City,Belgium
21,22,FW,Charles De Ketelaere,,10,1,Milan,Belgium
22,23,FW,Michy Batshuayi,,48,26,Fenerbahçe,Belgium
23,24,FW,Loïs Openda,,5,2,Lens,Belgium
24,25,FW,Jérémy Doku,,11,2,Rennes,Belgium
25,26,DF,Zeno Debast,,3,0,Anderlecht,Belgium
0,1,GK,Dayne St. Clair,,2,0,Minnesota United FC,Canada
1,2,DF,Alistair Johnston,,30,1,CF Montréal,Canada
2,3,DF,Sam Adekugbe,,34,1,Hatayspor,Canada
3,4,DF,Kamal Miller,,29,0,CF Montréal,Canada
4,5,DF,Steven Vitória,,35,4,Chaves,Canada
5,6,MF,Samuel Piette,,66,0,CF Montréal,Canada
6,7,MF,Stephen Eustáquio,,26,3,Porto,Canada
7,8,MF,Liam Fraser,,15,0,Deinze,Canada
8,9,FW,Lucas Cavallini,,34,18,Vancouver Whitecaps FC,Canada
9,10,MF,Junior Hoilett,,50,14,Reading,Canada
10,11,FW,Tajon Buchanan,,26,4,Club Brugge,Canada
11,12,FW,Iké Ugbo,,8,0,Troyes,Canada
12,13,MF,Atiba Hutchinson (captain),,98,9,Beşiktaş,Canada
13,14,MF,Mark-Anthony Kaye,,38,2,Toronto FC,Canada
14,15,MF,Ismaël Koné,,6,1,CF Montréal,Canada
15,16,GK,James Pantemis,,0,0,CF Montréal,Canada
16,17,FW,Cyle Larin,,55,25,Club Brugge,Canada
17,18,GK,Milan Borjan,,68,0,Red Star Belgrade,Canada
18,19,FW,Alphonso Davies,,34,12,Bayern Munich,Canada
19,20,FW,Jonathan David,,35,22,Lille,Canada
20,21,MF,Jonathan Osorio,,57,7,Toronto FC,Canada
21,22,DF,Richie Laryea,,34,1,Toronto FC,Canada
22,23,MF,Liam Millar,,16,0,Basel,Canada
23,24,MF,David Wotherspoon,,10,1,St Johnstone,Canada
24,25,DF,Derek Cornelius,,14,0,Panetolikos,Canada
25,26,DF,Joel Waterman,,2,0,CF Montréal,Canada
0,1,GK,Dominik Livaković,,34,0,Dinamo Zagreb,Croatia
1,2,DF,Josip Stanišić,,7,0,Bayern Munich,Croatia
2,3,DF,Borna Barišić,,28,1,Rangers,Croatia
3,4,FW,Ivan Perišić,,116,32,Tottenham Hotspur,Croatia
4,5,DF,Martin Erlić,,4,0,Sassuolo,Croatia
5,6,DF,Dejan Lovren,,72,5,Zenit Saint Petersburg,Croatia
6,7,MF,Lovro Majer,,11,3,Rennes,Croatia
7,8,MF,Mateo Kovačić,,84,3,Chelsea,Croatia
8,9,FW,Andrej Kramarić,,74,20,1899 Hoffenheim,Croatia
9,10,MF,Luka Modrić (captain),,155,23,Real Madrid,Croatia
10,11,MF,Marcelo Brozović,,77,7,Internazionale,Croatia
11,12,GK,Ivo Grbić,,2,0,Atlético Madrid,Croatia
12,13,MF,Nikola Vlašić,,42,7,Torino,Croatia
13,14,FW,Marko Livaja,,14,3,Hajduk Split,Croatia
14,15,MF,Mario Pašalić,,43,7,Atalanta,Croatia
15,16,FW,Bruno Petković,,23,6,Dinamo Zagreb,Croatia
16,17,FW,Ante Budimir,,15,1,Osasuna,Croatia
17,18,FW,Mislav Oršić,,21,1,Dinamo Zagreb,Croatia
18,19,DF,Borna Sosa,,8,1,VfB Stuttgart,Croatia
19,20,DF,Joško Gvardiol,,12,1,RB Leipzig,Croatia
20,21,DF,Domagoj Vida,,100,4,AEK Athens,Croatia
21,22,DF,Josip Juranović,,21,0,Celtic,Croatia
22,23,GK,Ivica Ivušić,,5,0,Osijek,Croatia
23,24,DF,Josip Šutalo,,3,0,Dinamo Zagreb,Croatia
24,25,MF,Luka Sučić,,4,0,Red Bull Salzburg,Croatia
25,26,MF,Kristijan Jakić,,4,0,Eintracht Frankfurt,Croatia
0,1,GK,Yassine Bounou,,46,0,Sevilla,Morocco
1,2,DF,Achraf Hakimi,,54,8,Paris Saint-Germain,Morocco
2,3,DF,Noussair Mazraoui,,15,2,Bayern Munich,Morocco
3,4,MF,Sofyan Amrabat,,39,0,Fiorentina,Morocco
4,5,DF,Nayef Aguerd,,22,1,West Ham United,Morocco
5,6,DF,Romain Saïss (captain),,66,1,Beşiktaş,Morocco
6,7,MF,Hakim Ziyech,,43,18,Chelsea,Morocco
7,8,MF,Azzedine Ounahi,,10,2,Angers,Morocco
8,9,FW,Abderrazak Hamdallah,,18,6,Al-Ittihad,Morocco
9,10,MF,Anass Zaroury,,1,0,Burnley,Morocco
10,11,FW,Abdelhamid Sabiri,,2,1,Sampdoria,Morocco
11,12,GK,Munir Mohamedi,,43,0,Al-Wehda,Morocco
12,13,MF,Ilias Chair,,11,1,Queens Park Rangers,Morocco
13,14,MF,Zakaria Aboukhlal,,12,2,Toulouse,Morocco
14,15,MF,Selim Amallah,,24,4,Standard Liège,Morocco
15,16,FW,Abde Ezzalzouli,,2,0,Osasuna,Morocco
16,17,MF,Sofiane Boufal,,32,6,Angers,Morocco
17,18,DF,Jawad El Yamiq,,12,2,Valladolid,Morocco
18,19,FW,Youssef En-Nesyri,,50,15,Sevilla,Morocco
19,20,DF,Achraf Dari,,4,0,Brest,Morocco
20,21,FW,Walid Cheddira,,2,0,Bari,Morocco
21,22,GK,Ahmed Reda Tagnaouti,,3,0,Wydad AC,Morocco
22,23,MF,Bilal El Khannous,,0,0,Genk,Morocco
23,24,DF,Badr Benoun,,3,0,Qatar SC,Morocco
24,25,DF,Yahia Attiyat Allah,,2,0,Wydad AC,Morocco
25,26,MF,Yahya Jabrane,,5,0,Wydad AC,Morocco
0,1,GK,Alisson,,57,0,Liverpool,Brazil
1,2,DF,Danilo,,46,1,Juventus,Brazil
2,3,DF,Thiago Silva (captain),,109,7,Chelsea,Brazil
3,4,DF,Marquinhos,,71,5,Paris Saint-Germain,Brazil
4,5,MF,Casemiro,,65,5,Manchester United,Brazil
5,6,DF,Alex Sandro,,37,2,Juventus,Brazil
6,7,MF,Lucas Paquetá,,35,7,West Ham United,Brazil
7,8,MF,Fred,,28,0,Manchester United,Brazil
8,9,FW,Richarlison,,38,17,Tottenham Hotspur,Brazil
9,10,FW,Neymar,,121,75,Paris Saint-Germain,Brazil
10,11,FW,Raphinha,,11,5,Barcelona,Brazil
11,12,GK,Weverton,,8,0,Palmeiras,Brazil
12,13,DF,Dani Alves,,124,8,UNAM,Brazil
13,14,DF,Éder Militão,,23,1,Real Madrid,Brazil
14,15,MF,Fabinho,,28,0,Liverpool,Brazil
15,16,DF,Alex Telles,,8,0,Sevilla,Brazil
16,17,MF,Bruno Guimarães,,8,1,Newcastle United,Brazil
17,18,FW,Gabriel Jesus,,56,19,Arsenal,Brazil
18,19,FW,Antony,,11,2,Manchester United,Brazil
19,20,FW,Vinícius Júnior,,16,1,Real Madrid,Brazil
20,21,FW,Rodrygo,,7,1,Real Madrid,Brazil
21,22,MF,Éverton Ribeiro,,21,3,Flamengo,Brazil
22,23,GK,Ederson,,18,0,Manchester City,Brazil
23,24,DF,Bremer,,1,0,Juventus,Brazil
24,25,FW,Pedro,,2,1,Flamengo,Brazil
25,26,FW,Gabriel Martinelli,,3,0,Arsenal,Brazil
0,1,GK,Simon Ngapandouetnbu,,0,0,Marseille,Cameroon
1,2,DF,Jerome Ngom Mbekeli,,2,0,Colombe Sportive,Cameroon
2,3,DF,Nicolas Nkoulou,,78,2,Aris,Cameroon
3,4,DF,Christopher Wooh,,3,0,Rennes,Cameroon
4,5,MF,Gaël Ondoua,,4,0,Hannover 96,Cameroon
5,6,FW,Moumi Ngamaleu,,42,4,Dynamo Moscow,Cameroon
6,7,MF,Georges-Kévin Nkoudou,,2,0,Beşiktaş,Cameroon
7,8,MF,André-Frank Zambo Anguissa,,43,5,Napoli,Cameroon
8,9,FW,Jean-Pierre Nsame,,4,0,Young Boys,Cameroon
9,10,FW,Vincent Aboubakar (captain),,91,33,Al-Nassr,Cameroon
10,11,FW,Christian Bassogog,,43,7,Shanghai Shenhua,Cameroon
11,12,FW,Karl Toko Ekambi,,51,12,Lyon,Cameroon
12,13,FW,Eric Maxim Choupo-Moting,,69,19,Bayern Munich,Cameroon
13,14,MF,Samuel Gouet,,22,0,Mechelen,Cameroon
14,15,MF,Pierre Kunde,,32,1,Olympiacos,Cameroon
15,16,GK,Devis Epassy,,5,0,Abha,Cameroon
16,17,DF,Olivier Mbaizo,,11,0,Philadelphia Union,Cameroon
17,18,MF,Martin Hongla,,19,0,Hellas Verona,Cameroon
18,19,DF,Collins Fai,,52,0,Al-Tai,Cameroon
19,20,FW,Bryan Mbeumo,,3,0,Brentford,Cameroon
20,21,DF,Jean-Charles Castelletto,,14,0,Nantes,Cameroon
21,22,MF,Olivier Ntcham,,3,0,Swansea City,Cameroon
22,23,GK,André Onana,,33,0,Internazionale,Cameroon
23,24,DF,Enzo Ebosse,,2,0,Udinese,Cameroon
24,25,DF,Nouhou Tolo,,18,0,Seattle Sounders FC,Cameroon
25,26,MF,Souaibou Marou,,3,1,Coton Sport,Cameroon
0,1,GK,Marko Dmitrović,,19,0,Sevilla,Serbia
1,2,DF,Strahinja Pavlović,,22,1,Red Bull Salzburg,Serbia
2,3,DF,Strahinja Eraković,,2,0,Red Star Belgrade,Serbia
3,4,DF,Nikola Milenković,,39,3,Fiorentina,Serbia
4,5,DF,Miloš Veljković,,21,0,Werder Bremen,Serbia
5,6,MF,Nemanja Maksimović,,40,0,Getafe,Serbia
6,7,FW,Nemanja Radonjić,,36,5,Torino,Serbia
7,8,MF,Nemanja Gudelj,,49,1,Sevilla,Serbia
8,9,FW,Aleksandar Mitrović,,76,50,Fulham,Serbia
9,10,FW,Dušan Tadić (captain),,91,20,Ajax,Serbia
10,11,FW,Luka Jović,,29,10,Fiorentina,Serbia
11,12,GK,Predrag Rajković,,28,0,Mallorca,Serbia
12,13,DF,Stefan Mitrović,,35,0,Getafe,Serbia
13,14,MF,Andrija Živković,,29,1,PAOK,Serbia
14,15,DF,Srđan Babić,,2,0,Almería,Serbia
15,16,MF,Saša Lukić,,32,2,Torino,Serbia
16,17,MF,Filip Kostić,,50,3,Juventus,Serbia
17,18,FW,Dušan Vlahović,,17,9,Juventus,Serbia
18,19,MF,Uroš Račić,,9,0,Braga,Serbia
19,20,MF,Sergej Milinković-Savić,,36,6,Lazio,Serbia
20,21,FW,Filip Đuričić,,37,5,Sampdoria,Serbia
21,22,MF,Darko Lazović,,26,1,Hellas Verona,Serbia
22,23,GK,Vanja Milinković-Savić,,7,0,Torino,Serbia
23,24,MF,Ivan Ilić,,6,0,Hellas Verona,Serbia
24,25,DF,Filip Mladenović,,20,1,Legia Warsaw,Serbia
25,26,MF,Marko Grujić,,18,0,Porto,Serbia
0,1,GK,Yann Sommer,,77,0,Borussia Mönchengladbach,Switzerland
1,2,DF,Edimilson Fernandes,,22,2,Mainz 05,Switzerland
2,3,DF,Silvan Widmer,,34,2,Mainz 05,Switzerland
3,4,DF,Nico Elvedi,,41,1,Borussia Mönchengladbach,Switzerland
4,5,DF,Manuel Akanji,,43,1,Manchester City,Switzerland
5,6,MF,Denis Zakaria,,43,3,Chelsea,Switzerland
6,7,FW,Breel Embolo,,59,11,Monaco,Switzerland
7,8,MF,Remo Freuler,,49,5,Nottingham Forest,Switzerland
8,9,FW,Haris Seferovic,,89,25,Galatasaray,Switzerland
9,10,MF,Granit Xhaka (captain),,107,12,Arsenal,Switzerland
10,11,DF,Renato Steffen,,28,1,Lugano,Switzerland
11,12,GK,Jonas Omlin,,4,0,Montpellier,Switzerland
12,13,DF,Ricardo Rodriguez,,100,9,Torino,Switzerland
13,14,MF,Michel Aebischer,,12,0,Bologna,Switzerland
14,15,MF,Djibril Sow,,32,0,Eintracht Frankfurt,Switzerland
15,16,MF,Christian Fassnacht,,16,4,Young Boys,Switzerland
16,17,FW,Ruben Vargas,,27,4,FC Augsburg,Switzerland
17,18,DF,Eray Cömert,,10,0,Valencia,Switzerland
18,19,FW,Noah Okafor,,9,2,Red Bull Salzburg,Switzerland
19,20,MF,Fabian Frei,,22,3,Basel,Switzerland
20,21,GK,Gregor Kobel,,3,0,Borussia Dortmund,Switzerland
21,22,DF,Fabian Schär,,73,8,Newcastle United,Switzerland
22,23,MF,Xherdan Shaqiri,,109,26,Chicago Fire FC,Switzerland
23,24,GK,Philipp Köhn,,0,0,Red Bull Salzburg,Switzerland
24,25,MF,Fabian Rieder,,0,0,Young Boys,Switzerland
25,26,MF,Ardon Jashari,,1,0,Luzern,Switzerland
0,1,GK,Lawrence Ati-Zigi,,11,0,St. Gallen,Ghana
1,2,DF,Tariq Lamptey,,2,0,Brighton & Hove Albion,Ghana
2,3,DF,Denis Odoi,,4,0,Club Brugge,Ghana
3,4,DF,Mohammed Salisu,,3,1,Southampton,Ghana
4,5,MF,Thomas Partey,,40,13,Arsenal,Ghana
5,6,MF,Elisha Owusu,,3,0,Gent,Ghana
6,7,MF,Abdul Fatawu Issahaku,,13,1,Sporting CP,Ghana
7,8,MF,Daniel-Kofi Kyereh,,15,0,SC Freiburg,Ghana
8,9,FW,Jordan Ayew,,84,19,Crystal Palace,Ghana
9,10,FW,André Ayew (captain),,110,23,Al-Sadd,Ghana
10,11,MF,Osman Bukari,,7,1,Red Star Belgrade,Ghana
11,12,GK,Ibrahim Danlad,,4,0,Asante Kotoko,Ghana
12,13,MF,Daniel Afriyie,,7,3,Hearts of Oak,Ghana
13,14,DF,Gideon Mensah,,12,0,Auxerre,Ghana
14,15,DF,Joseph Aidoo,,11,0,Celta Vigo,Ghana
15,16,GK,Abdul Manaf Nurudeen,,2,0,Eupen,Ghana
16,17,DF,Baba Rahman,,48,1,Reading,Ghana
17,18,DF,Daniel Amartey,,46,0,Leicester City,Ghana
18,19,FW,Iñaki Williams,,3,0,Athletic Bilbao,Ghana
19,20,MF,Mohammed Kudus,,18,4,Ajax,Ghana
20,21,MF,Salis Abdul Samed,,1,0,Lens,Ghana
21,22,MF,Kamaldeen Sulemana,,13,0,Rennes,Ghana
22,23,DF,Alexander Djiku,,18,1,Strasbourg,Ghana
23,24,MF,Kamal Sowah,,1,0,Club Brugge,Ghana
24,25,FW,Antoine Semenyo,,4,1,Bristol City,Ghana
25,26,DF,Alidu Seidu,,4,0,Clermont,Ghana
0,1,GK,Rui Patrício,,105,0,Roma,Portugal
1,2,DF,Diogo Dalot,,7,2,Manchester United,Portugal
2,3,DF,Pepe,,129,7,Porto,Portugal
3,4,DF,Rúben Dias,,40,2,Manchester City,Portugal
4,5,DF,Raphaël Guerreiro,,57,3,Borussia Dortmund,Portugal
5,6,MF,João Palhinha,,15,2,Fulham,Portugal
6,7,FW,Cristiano Ronaldo (captain),,191,117,Manchester United,Portugal
7,8,MF,Bruno Fernandes,,49,11,Manchester United,Portugal
8,9,FW,André Silva,,52,19,RB Leipzig,Portugal
9,10,FW,Bernardo Silva,,73,8,Manchester City,Portugal
10,11,FW,João Félix,,24,3,Atlético Madrid,Portugal
11,12,GK,José Sá,,0,0,Wolverhampton Wanderers,Portugal
12,13,DF,Danilo Pereira,,63,2,Paris Saint-Germain,Portugal
13,14,MF,William Carvalho,,76,5,Real Betis,Portugal
14,15,FW,Rafael Leão,,11,0,Milan,Portugal
15,16,MF,Vitinha,,5,0,Paris Saint-Germain,Portugal
16,17,MF,João Mário,,53,3,Benfica,Portugal
17,18,MF,Rúben Neves,,32,0,Wolverhampton Wanderers,Portugal
18,19,DF,Nuno Mendes,,17,0,Paris Saint-Germain,Portugal
19,20,DF,João Cancelo,,37,7,Manchester City,Portugal
20,21,FW,Ricardo Horta,,6,1,Braga,Portugal
21,22,GK,Diogo Costa,,7,0,Porto,Portugal
22,23,MF,Matheus Nunes,,9,1,Wolverhampton Wanderers,Portugal
23,24,DF,António Silva,,1,0,Benfica,Portugal
24,25,MF,Otávio,,8,2,Porto,Portugal
25,26,FW,Gonçalo Ramos,,1,1,Benfica,Portugal
0,1,GK,Seny Dieng,,4,0,Queens Park Rangers,Senegal
1,2,DF,Formose Mendy,,2,0,Amiens,Senegal
2,3,DF,Kalidou Koulibaly (captain),,64,0,Chelsea,Senegal
3,4,DF,Pape Abou Cissé,,13,1,Olympiacos,Senegal
4,5,MF,Idrissa Gueye,,96,7,Everton,Senegal
5,6,MF,Nampalys Mendy,,19,0,Leicester City,Senegal
6,7,FW,Nicolas Jackson,,0,0,Villarreal,Senegal
7,8,DF,Cheikhou Kouyaté,,83,4,Nottingham Forest,Senegal
8,9,FW,Boulaye Dia,,19,3,Salernitana,Senegal
9,11,MF,Pathé Ciss,,1,0,Rayo Vallecano,Senegal
10,12,DF,Fodé Ballo-Touré,,14,0,Milan,Senegal
11,13,FW,Iliman Ndiaye,,2,0,Sheffield United,Senegal
12,14,DF,Ismail Jakobs,,2,0,Monaco,Senegal
13,15,MF,Krépin Diatta,,26,2,Monaco,Senegal
14,16,GK,Édouard Mendy,,25,0,Chelsea,Senegal
15,17,MF,Pape Matar Sarr,,10,0,Tottenham Hotspur,Senegal
16,18,FW,Ismaïla Sarr,,48,10,Watford,Senegal
17,19,FW,Famara Diédhiou,,25,10,Alanyaspor,Senegal
18,20,FW,Bamba Dieng,,13,1,Marseille,Senegal
19,21,DF,Youssouf Sabaly,,24,0,Real Betis,Senegal
20,22,DF,Abdou Diallo,,18,2,RB Leipzig,Senegal
21,23,GK,Alfred Gomis,,14,0,Rennes,Senegal
22,24,DF,Moustapha Name,,6,0,Pafos,Senegal
23,25,MF,Mamadou Loum,,3,0,Reading,Senegal
24,26,MF,Pape Gueye,,12,0,Marseille,Senegal
0,1,GK,Kim Seung-gyu,,67,0,Al-Shabab,South Korea
1,2,DF,Yoon Jong-gyu,,4,0,FC Seoul,South Korea
2,3,DF,Kim Jin-su,,61,2,Jeonbuk Hyundai Motors,South Korea
3,4,DF,Kim Min-jae,,44,3,Napoli,South Korea
4,5,MF,Jung Woo-young,,66,3,Al-Sadd,South Korea
5,6,MF,Hwang In-beom,,37,4,Olympiacos,South Korea
6,7,MF,Son Heung-min (captain),,104,35,Tottenham Hotspur,South Korea
7,8,MF,Paik Seung-ho,,14,2,Jeonbuk Hyundai Motors,South Korea
8,9,FW,Cho Gue-sung,,16,4,Jeonbuk Hyundai Motors,South Korea
9,10,MF,Lee Jae-sung,,64,9,Mainz 05,South Korea
10,11,MF,Hwang Hee-chan,,49,9,Wolverhampton Wanderers,South Korea
11,12,GK,Song Bum-keun,,1,0,Jeonbuk Hyundai Motors,South Korea
12,13,MF,Son Jun-ho,,15,0,Shandong Taishan,South Korea
13,14,DF,Hong Chul,,46,1,Daegu FC,South Korea
14,15,DF,Kim Moon-hwan,,22,0,Jeonbuk Hyundai Motors,South Korea
15,16,FW,Hwang Ui-jo,,49,16,Olympiacos,South Korea
16,17,MF,Na Sang-ho,,24,2,FC Seoul,South Korea
17,18,MF,Lee Kang-in,,6,0,Mallorca,South Korea
18,19,DF,Kim Young-gwon,,96,6,Ulsan Hyundai,South Korea
19,20,DF,Kwon Kyung-won,,28,2,Gamba Osaka,South Korea
20,21,GK,Jo Hyeon-woo,,22,0,Ulsan Hyundai,South Korea
21,22,MF,Kwon Chang-hoon,,42,12,Gimcheon Sangmu,South Korea
22,23,DF,Kim Tae-hwan,,19,0,Ulsan Hyundai,South Korea
23,24,DF,Cho Yu-min,,4,0,Daejeon Hana Citizen,South Korea
24,25,MF,Jeong Woo-yeong,,9,2,SC Freiburg,South Korea
25,26,MF,Song Min-kyu,,13,1,Jeonbuk Hyundai Motors,South Korea
0,1,GK,Fernando Muslera,,133,0,Galatasaray,Uruguay
1,2,DF,José Giménez,,78,8,Atlético Madrid,Uruguay
2,3,DF,Diego Godín (captain),,159,8,Vélez Sarsfield,Uruguay
3,4,DF,Ronald Araújo,,12,0,Barcelona,Uruguay
4,5,MF,Matías Vecino,,62,4,Lazio,Uruguay
5,6,MF,Rodrigo Bentancur,,51,1,Tottenham Hotspur,Uruguay
6,7,MF,Nicolás de la Cruz,,17,2,River Plate,Uruguay
7,8,FW,Facundo Pellistri,,7,0,Manchester United,Uruguay
8,9,FW,Luis Suárez,,134,68,Nacional,Uruguay
9,10,MF,Giorgian de Arrascaeta,,40,8,Flamengo,Uruguay
10,11,FW,Darwin Núñez,,13,3,Liverpool,Uruguay
11,12,GK,Sebastián Sosa,,1,0,Independiente,Uruguay
12,13,DF,Guillermo Varela,,9,0,Flamengo,Uruguay
13,14,MF,Lucas Torreira,,40,0,Galatasaray,Uruguay
14,15,MF,Federico Valverde,,44,4,Real Madrid,Uruguay
15,16,DF,Mathías Olivera,,8,0,Napoli,Uruguay
16,17,DF,Matías Viña,,26,0,Roma,Uruguay
17,18,FW,Maxi Gómez,,27,4,Trabzonspor,Uruguay
18,19,DF,Sebastián Coates,,47,1,Sporting CP,Uruguay
19,20,FW,Facundo Torres,,10,0,Orlando City SC,Uruguay
20,21,FW,Edinson Cavani,,133,58,Valencia,Uruguay
21,22,DF,Martín Cáceres,,115,4,LA Galaxy,Uruguay
22,23,GK,Sergio Rochet,,8,0,Nacional,Uruguay
23,24,MF,Agustín Canobbio,,3,0,Athletico Paranaense,Uruguay
24,25,MF,Manuel Ugarte,,6,0,Sporting CP,Uruguay
25,26,DF,José Luis Rodríguez,,0,0,Nacional,Uruguay
0,1,GK,Jordan Pickford,,45,0,Everton,England
1,2,DF,Kyle Walker,,70,0,Manchester City,England
2,3,DF,Luke Shaw,,23,3,Manchester United,England
3,4,MF,Declan Rice,,34,2,West Ham United,England
4,5,DF,John Stones,,59,3,Manchester City,England
5,6,DF,Harry Maguire,,48,7,Manchester United,England
6,7,FW,Jack Grealish,,24,1,Manchester City,England
7,8,MF,Jordan Henderson,,70,2,Liverpool,England
8,9,FW,Harry Kane (captain),,75,51,Tottenham Hotspur,England
9,10,FW,Raheem Sterling,,79,19,Chelsea,England
10,11,FW,Marcus Rashford,,46,12,Manchester United,England
11,12,DF,Kieran Trippier,,37,1,Newcastle United,England
12,13,GK,Nick Pope,,10,0,Newcastle United,England
13,14,MF,Kalvin Phillips,,23,0,Manchester City,England
14,15,DF,Eric Dier,,47,3,Tottenham Hotspur,England
15,16,DF,Conor Coady,,10,1,Everton,England
16,17,FW,Bukayo Saka,,20,4,Arsenal,England
17,18,DF,Trent Alexander-Arnold,,17,1,Liverpool,England
18,19,MF,Mason Mount,,32,5,Chelsea,England
19,20,MF,Phil Foden,,18,2,Manchester City,England
20,21,DF,Ben White,,4,0,Arsenal,England
21,22,MF,Jude Bellingham,,17,0,Borussia Dortmund,England
22,23,GK,Aaron Ramsdale,,3,0,Arsenal,England
23,24,FW,Callum Wilson,,4,1,Newcastle United,England
24,25,MF,James Maddison,,1,0,Leicester City,England
25,26,MF,Conor Gallagher,,4,0,Chelsea,England
0,1,GK,Alireza Beiranvand,,52,0,Persepolis,Iran
1,2,DF,Sadegh Moharrami,,21,0,Dinamo Zagreb,Iran
2,3,DF,Ehsan Hajsafi (captain),,121,7,AEK Athens,Iran
3,4,DF,Shojae Khalilzadeh,,25,1,Al-Ahli Doha,Iran
4,5,DF,Milad Mohammadi,,45,1,AEK Athens,Iran
5,6,MF,Saeid Ezatolahi,,47,1,Vejle,Iran
6,7,MF,Alireza Jahanbakhsh,,64,13,Feyenoord,Iran
7,8,DF,Morteza Pouraliganji,,46,3,Persepolis,Iran
8,9,FW,Mehdi Taremi,,60,28,Porto,Iran
9,10,FW,Karim Ansarifard,,94,29,Omonia,Iran
10,11,MF,Vahid Amiri,,68,2,Persepolis,Iran
11,12,GK,Payam Niazmand,,1,0,Sepahan,Iran
12,13,DF,Hossein Kanaanizadegan,,35,2,Al-Ahli Doha,Iran
13,14,MF,Saman Ghoddos,,33,2,Brentford,Iran
14,15,DF,Rouzbeh Cheshmi,,19,1,Esteghlal,Iran
15,16,MF,Mehdi Torabi,,36,7,Persepolis,Iran
16,17,MF,Ali Gholizadeh,,26,6,Charleroi,Iran
17,18,MF,Ali Karimi,,13,0,Kayserispor,Iran
18,19,DF,Majid Hosseini,,18,0,Kayserispor,Iran
19,20,FW,Sardar Azmoun,,65,41,Bayer Leverkusen,Iran
20,21,MF,Ahmad Nourollahi,,25,3,Shabab Al-Ahli,Iran
21,22,GK,Amir Abedzadeh,,11,0,Ponferradina,Iran
22,23,DF,Ramin Rezaeian,,46,2,Sepahan,Iran
23,24,GK,Hossein Hosseini,,6,0,Esteghlal,Iran
24,25,DF,Abolfazl Jalali,,3,0,Esteghlal,Iran
0,1,GK,Matt Turner,,20,0,Arsenal,USA
1,2,DF,Sergiño Dest,,19,2,Milan,USA
2,3,DF,Walker Zimmerman,,33,3,Nashville SC,USA
3,4,MF,Tyler Adams,,32,1,Leeds United,USA
4,5,DF,Antonee Robinson,,29,2,Fulham,USA
5,6,MF,Yunus Musah,,19,0,Valencia,USA
6,7,FW,Giovanni Reyna,,14,4,Borussia Dortmund,USA
7,8,MF,Weston McKennie,,37,9,Juventus,USA
8,9,FW,Jesús Ferreira,,15,7,FC Dallas,USA
9,10,FW,Christian Pulisic,,52,21,Chelsea,USA
10,11,FW,Brenden Aaronson,,24,6,Leeds United,USA
11,12,GK,Ethan Horvath,,8,0,Luton Town,USA
12,13,DF,Tim Ream,,46,1,Fulham,USA
13,14,MF,Luca de la Torre,,12,0,Celta Vigo,USA
14,15,DF,Aaron Long,,29,3,New York Red Bulls,USA
15,16,FW,Jordan Morris,,49,11,Seattle Sounders FC,USA
16,17,MF,Cristian Roldan,,32,0,Seattle Sounders FC,USA
17,18,DF,Shaq Moore,,15,1,Nashville SC,USA
18,19,FW,Haji Wright,,3,1,Antalyaspor,USA
19,20,DF,Cameron Carter-Vickers,,11,0,Celtic,USA
20,21,FW,Timothy Weah,,25,3,Lille,USA
21,22,DF,DeAndre Yedlin,,75,0,Inter Miami CF,USA
22,23,MF,Kellyn Acosta,,53,2,Los Angeles FC,USA
23,24,FW,Josh Sargent,,20,5,Norwich City,USA
24,25,GK,Sean Johnson,,10,0,New York City FC,USA
25,26,DF,Joe Scally,,3,0,Borussia Mönchengladbach,USA
0,1,GK,Wayne Hennessey,,106,0,Nottingham Forest,Wales
1,2,DF,Chris Gunter,,109,0,AFC Wimbledon,Wales
2,3,DF,Neco Williams,,23,2,Nottingham Forest,Wales
3,4,DF,Ben Davies,,74,1,Tottenham Hotspur,Wales
4,5,DF,Chris Mepham,,33,0,Bournemouth,Wales
5,6,DF,Joe Rodon,,30,0,Rennes,Wales
6,7,MF,Joe Allen,,72,2,Swansea City,Wales
7,8,MF,Harry Wilson,,39,5,Fulham,Wales
8,9,FW,Brennan Johnson,,15,2,Nottingham Forest,Wales
9,10,MF,Aaron Ramsey,,75,20,Nice,Wales
10,11,FW,Gareth Bale (captain),,108,40,Los Angeles FC,Wales
11,12,GK,Danny Ward,,26,0,Leicester City,Wales
12,13,FW,Kieffer Moore,,28,9,Bournemouth,Wales
13,14,DF,Connor Roberts,,41,3,Burnley,Wales
14,15,DF,Ethan Ampadu,,37,0,Spezia,Wales
15,16,MF,Joe Morrell,,30,0,Portsmouth,Wales
16,17,DF,Tom Lockyer,,14,0,Luton Town,Wales
17,18,MF,Jonny Williams,,33,2,Swindon Town,Wales
18,19,FW,Mark Harris,,5,0,Cardiff City,Wales
19,20,FW,Daniel James,,38,5,Fulham,Wales
20,21,GK,Adam Davies,,4,0,Sheffield United,Wales
21,22,MF,Sorba Thomas,,6,0,Huddersfield Town,Wales
22,23,MF,Dylan Levitt,,13,0,Dundee United,Wales
23,24,DF,Ben Cabango,,5,0,Swansea City,Wales
24,25,MF,Rubin Colwill,,7,1,Cardiff City,Wales
25,26,MF,Matthew Smith,,19,0,Milton Keynes Dons,Wales
0,1,GK,Franco Armani,,18,0,River Plate,Argentina
1,2,DF,Juan Foyth,,16,0,Villarreal,Argentina
2,3,DF,Nicolás Tagliafico,,42,0,Lyon,Argentina
3,4,DF,Gonzalo Montiel,,18,0,Sevilla,Argentina
4,5,MF,Leandro Paredes,,46,4,Juventus,Argentina
5,6,DF,Germán Pezzella,,32,2,Real Betis,Argentina
6,7,MF,Rodrigo De Paul,,44,2,Atlético Madrid,Argentina
7,8,MF,Marcos Acuña,,43,0,Sevilla,Argentina
8,9,FW,Julián Álvarez,,12,3,Manchester City,Argentina
9,10,FW,Lionel Messi (captain),,165,91,Paris Saint-Germain,Argentina
10,11,FW,Ángel Di María,,124,27,Juventus,Argentina
11,12,GK,Gerónimo Rulli,,4,0,Villarreal,Argentina
12,13,DF,Cristian Romero,,12,1,Tottenham Hotspur,Argentina
13,14,MF,Exequiel Palacios,,20,0,Bayer Leverkusen,Argentina
14,15,FW,Ángel Correa,,22,3,Atlético Madrid,Argentina
15,16,MF,Thiago Almada,,1,0,Atlanta United FC,Argentina
16,17,MF,Papu Gómez,,15,3,Sevilla,Argentina
17,18,MF,Guido Rodríguez,,26,1,Real Betis,Argentina
18,19,DF,Nicolás Otamendi,,93,4,Benfica,Argentina
19,20,MF,Alexis Mac Allister,,8,0,Brighton & Hove Albion,Argentina
20,21,FW,Paulo Dybala,,34,3,Roma,Argentina
21,22,FW,Lautaro Martínez,,40,21,Internazionale,Argentina
22,23,GK,Emiliano Martínez,,19,0,Aston Villa,Argentina
23,24,MF,Enzo Fernández,,3,0,Benfica,Argentina
24,25,DF,Lisandro Martínez,,10,0,Manchester United,Argentina
25,26,DF,Nahuel Molina,,20,0,Atlético Madrid,Argentina
0,1,GK,Alfredo Talavera,,40,0,Juárez,Mexico
1,2,DF,Néstor Araujo,,63,3,América,Mexico
2,3,DF,César Montes,,30,1,Monterrey,Mexico
3,4,DF,Edson Álvarez,,58,3,Ajax,Mexico
4,5,DF,Johan Vásquez,,7,0,Cremonese,Mexico
5,6,DF,Gerardo Arteaga,,17,1,Genk,Mexico
6,7,MF,Luis Romo,,27,1,Monterrey,Mexico
7,8,MF,Carlos Rodríguez,,36,0,Cruz Azul,Mexico
8,9,FW,Raúl Jiménez,,95,29,Wolverhampton Wanderers,Mexico
9,10,FW,Alexis Vega,,22,6,Guadalajara,Mexico
10,11,FW,Rogelio Funes Mori,,16,6,Monterrey,Mexico
11,12,GK,Rodolfo Cota,,8,0,León,Mexico
12,13,GK,Guillermo Ochoa,,131,0,América,Mexico
13,14,MF,Érick Gutiérrez,,34,1,PSV Eindhoven,Mexico
14,15,DF,Héctor Moreno,,128,5,Monterrey,Mexico
15,16,MF,Héctor Herrera,,102,10,Houston Dynamo FC,Mexico
16,17,FW,Orbelín Pineda,,50,6,AEK Athens,Mexico
17,18,MF,Andrés Guardado (captain),,178,28,Real Betis,Mexico
18,19,DF,Jorge Sánchez,,26,1,Ajax,Mexico
19,20,FW,Henry Martín,,27,6,América,Mexico
20,21,FW,Uriel Antuna,,36,9,Cruz Azul,Mexico
21,22,FW,Hirving Lozano,,60,16,Napoli,Mexico
22,23,DF,Jesús Gallardo,,78,1,Monterrey,Mexico
23,24,MF,Luis Chávez,,9,0,Pachuca,Mexico
24,25,FW,Roberto Alvarado,,31,4,Guadalajara,Mexico
25,26,DF,Kevin Álvarez,,8,0,Pachuca,Mexico
