team_id,team_name,country
158,Fortuna Dusseldorf,Germany
166,Hannover 96,Germany
171,FC Nurnberg,Germany
175,Hamburger SV,Germany
177,Jahn Regensburg,Germany
178,SpVgg Greuther Furth,Germany
179,FC Magdeburg,Germany
180,FC Heidenheim,Germany
181,SV Darmstadt 98,Germany
185,SC Paderborn 07,Germany
186,FC St. Pauli,Germany
188,Arminia Bielefeld,Germany
189,SV Sandhausen,Germany
191,Holstein Kiel,Germany
744,Eintracht Braunschweig,Germany
745,FC Kaiserslautern,Germany
785,Karlsruher SC,Germany
1321,Hansa Rostock,Germany
434,Gimnasia L.P.,Argentina
435,River Plate,Argentina
436,Racing Club,Argentina
437,Rosario Central,Argentina
438,Velez Sarsfield,Argentina
439,Godoy Cruz,Argentina
441,Union Santa Fe,Argentina
442,Defensa Y Justicia,Argentina
444,Patronato,Argentina
445,Huracan,Argentina
446,Lanus,Argentina
448,Colon Santa Fe,Argentina
449,Banfield,Argentina
450,Estudiantes L.P.,Argentina
451,Boca Juniors,Argentina
452,Tigre,Argentina
453,Independiente,Argentina
455,Atletico Tucuman,Argentina
456,Talleres Cordoba,Argentina
457,Newells Old Boys,Argentina
458,Argentinos JRS,Argentina
459,Arsenal Sarandi,Argentina
460,San Lorenzo,Argentina
463,Aldosivi,Argentina
474,Sarmiento Junin,Argentina
1064,Platense,Argentina
1065,Central Cordoba de Santiago,Argentina
2432,Barracas Central,Argentina
939,Western Sydney Wanderers,Australia
940,Perth Glory,Australia
941,Central Coast Mariners,Australia
942,Wellington Phoenix,Australia
943,Sydney,Australia
944,Melbourne Victory,Australia
945,Melbourne City,Australia
946,Newcastle Jets,Australia
947,Brisbane Roar,Australia
948,Adelaide United,Australia
7573,Western United,Australia
15550,Macarthur,Australia
571,Red Bull Salzburg,Austria
601,Austria Vienna,Austria
618,SCR Altach,Austria
637,Sturm Graz,Austria
781,Rapid Vienna,Austria
1025,Wolfsberger AC,Austria
1026,Lask Linz,Austria
1028,Ried,Austria
1072,TSV Hartberg,Austria
1398,WSG Wattens,Austria
1399,Austria Lustenau,Austria
1405,Austria Klagenfurt,Austria
260,OH Leuven,Belgium
261,KVC Westerlo,Belgium
266,KV Mechelen,Belgium
554,Anderlecht,Belgium
569,Club Brugge KV,Belgium
600,Zulte Waregem,Belgium
624,Oostende,Belgium
631,Gent,Belgium
733,Standard Liege,Belgium
734,Kortrijk,Belgium
735,St. Truiden,Belgium
736,Charleroi,Belgium
739,AS Eupen,Belgium
740,Antwerp,Belgium
741,Cercle Brugge,Belgium
742,Genk,Belgium
1393,Union St. Gilloise,Belgium
10244,Seraing United,Belgium
259,Lommel United,Belgium
263,Beerschot Wilrijk,Belgium
738,Waasland-beveren,Belgium
4715,Excelsior Virton,Belgium
6214,Deinze,Belgium
6215,Dender,Belgium
6219,Lierse Kempenzonen,Belgium
6224,RWDM,Belgium
14130,Club Brugge II,Belgium
19045,KRC Genk II,Belgium
19046,RSC Anderlecht II,Belgium
19047,Standard Liège II,Belgium
119,Internacional,Brazil
120,Botafogo,Brazil
121,Palmeiras,Brazil
124,Fluminense,Brazil
125,America Mineiro,Brazil
126,Sao Paulo,Brazil
127,Flamengo,Brazil
128,Santos,Brazil
129,Ceara,Brazil
131,Corinthians,Brazil
134,Atletico Paranaense,Brazil
144,Atletico Goianiense,Brazil
145,Avai,Brazil
147,Coritiba,Brazil
151,Goias,Brazil
152,Juventude,Brazil
154,Fortaleza EC,Brazil
794,RB Bragantino,Brazil
1062,Atletico-MG,Brazil
1193,Cuiaba,Brazil
157,Bayern Munich,Germany
159,Hertha Berlin,Germany
160,SC Freiburg,Germany
161,VfL Wolfsburg,Germany
162,Werder Bremen,Germany
163,Borussia Monchengladbach,Germany
164,FSV Mainz 05,Germany
165,Borussia Dortmund,Germany
167,1899 Hoffenheim,Germany
168,Bayer Leverkusen,Germany
169,Eintracht Frankfurt,Germany
170,FC Augsburg,Germany
172,VfB Stuttgart,Germany
173,RB Leipzig,Germany
174,FC Schalke 04,Germany
176,VfL BOCHUM,Germany
182,Union Berlin,Germany
192,FC Koln,Germany
4419,Renaissance,Cameroon
5398,APEJES Academy,Cameroon
5399,Avion Academy,Cameroon
5400,Colombe,Cameroon
5401,Cotonsport,Cameroon
5402,Dragon de Yaoundé,Cameroon
5403,Eding Sport,Cameroon
5404,Feutcheu,Cameroon
5405,Fortuna Mfou,Cameroon
5406,Fovu Club,Cameroon
5407,Les Astres,Cameroon
5408,New Star,Cameroon
5409,PWD,Cameroon
5410,Stade Renard,Cameroon
5412,UMS de Loum,Cameroon
5413,Union Douala,Cameroon
5415,Young Sport Academy,Cameroon
5557,Bamboutos,Cameroon
5558,Yafoot,Cameroon
5559,Racing,Cameroon
5560,Canon,Cameroon
5564,Panthère,Cameroon
10153,Tonnerre,Cameroon
16526,Fauve Azur Elite,Cameroon
16531,OFTA,Cameroon
830,Beijing Guoan,China
831,Dalian Aerbin,China
832,Guangzhou Evergrande FC,China
833,Shanghai Shenhua,China
834,Changchun Yatai,China
836,SHANGHAI SIPG,China
837,Tianjin Teda,China
838,Guangzhou R&F,China
839,Hebei Zhongji,China
840,Henan Jianye,China
844,Shandong Luneng,China
848,Hangzhou Greentown,China
849,Shijiazhuang Y. J.,China
1433,Shenzhen Ruby FC,China
1434,Wuhan Zall,China
1439,Meizhou Kejia,China
5648,Chengdu Better City,China
5695,Wuhan Three Towns,China
1125,Millonarios,Colombia
1126,Deportivo Pasto,Colombia
1127,Deportivo Cali,Colombia
1128,Independiente Medellin,Colombia
1129,Envigado,Colombia
1131,Bucaramanga,Colombia
1133,Jaguares,Colombia
1134,La Equidad,Colombia
1135,Junior,Colombia
1136,Once Caldas,Colombia
1137,Atletico Nacional,Colombia
1138,America de Cali,Colombia
1139,Santa Fe,Colombia
1140,Patriotas,Colombia
1141,Alianza Petrolera,Colombia
1142,Deportes Tolima,Colombia
1144,Rionegro Aguilas,Colombia
1146,Cortulua,Colombia
1462,Deportivo Pereira,Colombia
1465,Union Magdalena,Colombia
815,CS Herediano,Costa rica
816,Deportivo Saprissa,Costa rica
818,Municipal Grecia,Costa rica
819,Perez Zeledon,Costa rica
820,CS Cartagines,Costa rica
821,Guadalupe FC,Costa rica
822,LD Alajuelense,Costa rica
823,San Carlos,Costa rica
824,Santos DE Guapiles,Costa rica
2044,AD Guanacasteca,Costa rica
2045,Puntarenas FC,Costa rica
2047,Sporting San Jose,Costa rica
561,HNK Rijeka,Croatia
608,HNK Hajduk Split,Croatia
616,NK Osijek,Croatia
620,Dinamo Zagreb,Croatia
1016,Istra 1961,Croatia
1017,NK Lokomotiva Zagreb,Croatia
1018,NK Slaven Belupo,Croatia
1068,HNK Gorica,Croatia
1475,Sibenik,Croatia
1483,NK Varazdin,Croatia
602,Apollon Limassol,Cyprus
614,AEK Larnaca,Cyprus
2247,Apoel Nicosia,Cyprus
2269,Anorthosis,Cyprus
3396,AEL,Cyprus
3398,Doxa,Cyprus
3399,Enosis,Cyprus
3401,Nea Salamis,Cyprus
3402,Omonia Nicosia,Cyprus
3403,Pafos,Cyprus
3406,Akritas,Cyprus
3408,Aris,Cyprus
3413,Karmiotissa,Cyprus
3415,Olympiakos,Cyprus
397,FC Midtjylland,Denmark
398,FC Nordsjaelland,Denmark
400,FC Copenhagen,Denmark
401,Randers FC,Denmark
402,Aalborg,Denmark
404,AC Horsens,Denmark
405,Odense,Denmark
406,Aarhus,Denmark
407,Brondby,Denmark
625,Lyngby,Denmark
2070,Viborg,Denmark
2073,Silkeborg,Denmark
395,Vejle,Denmark
396,Sonderjyske,Denmark
399,Vendsyssel FF,Denmark
408,Hobro,Denmark
2061,FC Fredericia,Denmark
2062,FC Helsingor,Denmark
2063,HB Koge,Denmark
2064,Nykobing FC,Denmark
2065,Fremad Amager,Denmark
2066,Naestved,Denmark
2072,Hvidovre,Denmark
6026,Hillerød,Denmark
1030,Ismaily SC,Egypt
1031,AL Masry,Egypt
1032,El Dakhleya,Egypt
1036,AL Assiouty,Egypt
1037,Enppi,Egypt
1039,El Geish,Egypt
1040,Zamalek SC,Egypt
1044,Smouha SC,Egypt
1048,Aswan Sc,Egypt
1572,Al Ittihad,Egypt
1575,El Mokawloon,Egypt
1576,Haras El Hodood,Egypt
1577,Al Ahly,Egypt
13819,Ghazl El Mehalla,Egypt
14651,Ceramica Cleopatra,Egypt
15570,National Bank of Egypt,Egypt
15736,Pharco,Egypt
16431,Coca-Cola,Egypt
37,Huddersfield,England
38,Watford,England
43,Cardiff,England
44,Burnley,England
53,Reading,England
54,Birmingham,England
56,Bristol City,England
58,Millwall,England
59,Preston,England
60,West Brom,England
61,Wigan,England
62,Sheffield Utd,England
64,Hull City,England
67,Blackburn,England
70,Middlesbrough,England
71,Norwich,England
72,QPR,England
73,Rotherham,England
75,Stoke City,England
76,Swansea,England
746,Sunderland,England
1346,Coventry,England
1356,Blackpool,England
1359,Luton,England
1148,Emelec,Equador
1149,Delfin SC,Equador
1151,Tecnico Universitario,Equador
1152,Barcelona SC,Equador
1153,Independiente del Valle,Equador
1154,Deportivo Cuenca,Equador
1155,Macara,Equador
1156,Aucas,Equador
1157,Universidad Catolica,Equador
1158,LDU de Quito,Equador
1159,Guayaquil City FC,Equador
1162,Mushuc Runa SC,Equador
1986,Gualaceo SC,Equador
1992,Orense SC,Equador
10111,9 de Octubre,Equador
16476,Cumbayá,Equador
4450,Dreams,Ghana
6411,Asante Kotoko,Ghana
8079,Aduana Stars,Ghana
8099,Bechem United,Ghana
12244,Berekum Chelsea,Ghana
12248,Great Olympics,Ghana
12249,Hearts of Oak,Ghana
12251,Karela,Ghana
12252,King Faisal,Ghana
12253,Legon Cities,Ghana
12255,Medeama,Ghana
13885,Real Tamale,Ghana
17992,Accra Lions,Ghana
17993,Bibiani Gold Stars,Ghana
20020,Kotoku Royals,Ghana
20021,Nsoatreman,Ghana
20022,Samartex,Ghana
20023,Tamale City,Ghana
553,Olympiakos Piraeus,Greece
575,AEK Athens FC,Greece
617,Panathinaikos,Greece
619,PAOK,Greece
949,Panetolikos,Greece
950,PAS Giannina,Greece
955,Asteras Tripolis,Greece
956,Lamia,Greece
957,Levadiakos,Greece
1123,Aris Thessalonikis,Greece
1124,OFI,Greece
2110,Volos NFC,Greece
7513,Ionikos,Greece
12260,Atromitos,Greece
576,Budapest Honved,Hungary
610,Videoton FC,Hungary
651,Ferencvarosi TC,Hungary
675,Vasas,Hungary
2255,Ujpest,Hungary
2389,Mezokovesd-zsory,Hungary
2390,Paks,Hungary
2391,Puskas Academy,Hungary
2392,Debreceni VSC,Hungary
2394,Kisvarda FC,Hungary
2414,Zalaegerszegi TE,Hungary
5111,Kecskeméti TE,Hungary
2703,Aluminium Arak,Iran
2706,Mes Rafsanjan,Iran
2707,Naft Masjed Soleyman,Iran
2714,Gol Gohar,Iran
2717,Malavan,Iran
2718,Mes Kerman,Iran
2719,Nassaji Mazandaran,Iran
2733,Esteghlal FC,Iran
2734,Foolad FC,Iran
2737,Tractor Sazi,Iran
2738,ZOB Ahan,Iran
2741,Paykan,Iran
2742,Persepolis FC,Iran
2743,Sanat Naft,Iran
2744,Sepahan FC,Iran
15541,Havadar,Iran
279,Consadole Sapporo,Japan
280,Jubilo Iwata,Japan
281,Kashiwa Reysol,Japan
282,Sanfrecce Hiroshima,Japan
283,Shimizu S-pulse,Japan
284,Shonan Bellmare,Japan
287,Urawa,Japan
288,Nagoya Grampus,Japan
289,Vissel Kobe,Japan
290,Kashima,Japan
291,Cerezo Osaka,Japan
292,FC Tokyo,Japan
293,Gamba Osaka,Japan
294,Kawasaki Frontale,Japan
295,Sagan Tosu,Japan
296,Yokohama F. Marinos,Japan
302,Kyoto Sanga,Japan
316,Avispa Fukuoka,Japan
3532,Al Arabi,Kuwait
3533,Al Fahaheel,Kuwait
3534,Al Jahra,Kuwait
3535,Al Kuwait,Kuwait
3536,Al Nasar,Kuwait
3537,Al Qadsia,Kuwait
3538,Al Salmiyah,Kuwait
3539,Al Tadhamon,Kuwait
3540,Kazma,Kuwait
3542,Al Sahel,Kuwait
529,Barcelona,Spain
530,Atletico Madrid,Spain
531,Athletic Club,Spain
532,Valencia,Spain
533,Villarreal,Spain
536,Sevilla,Spain
538,Celta Vigo,Spain
540,Espanyol,Spain
541,Real Madrid,Spain
543,Real Betis,Spain
546,Getafe,Spain
547,Girona,Spain
548,Real Sociedad,Spain
720,Valladolid,Spain
723,Almeria,Spain
724,Cadiz,Spain
727,Osasuna,Spain
728,Rayo Vallecano,Spain
797,Elche,Spain
798,Mallorca,Spain
77,Angers,France
79,Lille,France
80,Lyon,France
81,Marseille,France
82,Montpellier,France
83,Nantes,France
84,Nice,France
85,Paris Saint Germain,France
91,Monaco,France
93,Reims,France
94,Rennes,France
95,Strasbourg,France
96,Toulouse,France
97,Lorient,France
98,Ajaccio,France
99,Clermont Foot,France
106,Stade Brestois 29,France
108,Auxerre,France
110,Estac Troyes,France
116,Lens,France
78,Bordeaux,France
87,Amiens,France
88,Caen,France
89,Dijon,France
90,Guingamp,France
92,Nimes,France
101,Grenoble,France
105,Valenciennes,France
111,LE Havre,France
112,Metz,France
113,Niort,France
114,Paris FC,France
115,Sochaux,France
431,Quevilly,France
433,Laval,France
1063,Saint Etienne,France
1297,PAU,France
1301,Rodez,France
1305,Bastia,France
3012,Annecy,France
2278,Guadalajara Chivas,Mexico
2279,Tigres UANL,Mexico
2280,Club Tijuana,Mexico
2281,Toluca,Mexico
2282,Monterrey,Mexico
2283,Atlas,Mexico
2285,Santos Laguna,Mexico
2286,U.N.A.M. - Pumas,Mexico
2287,Club America,Mexico
2288,Necaxa,Mexico
2289,Leon,Mexico
2290,Club Queretaro,Mexico
2291,Puebla,Mexico
2292,Pachuca,Mexico
2295,Cruz Azul,Mexico
2298,FC Juarez,Mexico
2314,Atletico San Luis,Mexico
14002,Mazatlán,Mexico
962,Renaissance Berkane,Morocco
964,Difaa EL Jadida,Morocco
965,Moghreb Tetouan,Morocco
968,Wydad AC,Morocco
969,FAR Rabat,Morocco
972,Olympique Khouribga,Morocco
973,Hassania Agadir,Morocco
974,Ittihad Tanger,Morocco
975,Olympique Safi,Morocco
976,Raja Casablanca,Morocco
977,FUS Rabat,Morocco
1075,Mouloudia Oujda,Morocco
3453,Maghreb Fès,Morocco
3456,Riadi Salmi,Morocco
6387,Chabab Mohammédia,Morocco
14806,UTS Rabat,Morocco
194,Ajax,Netherlands
196,Excelsior,Netherlands
197,PSV Eindhoven,Netherlands
200,Vitesse,Netherlands
201,AZ Alkmaar,Netherlands
202,Groningen,Netherlands
205,Fortuna Sittard,Netherlands
207,Utrecht,Netherlands
208,Emmen,Netherlands
209,Feyenoord,Netherlands
210,Heerenveen,Netherlands
410,GO Ahead Eagles,Netherlands
413,NEC Nijmegen,Netherlands
415,Twente,Netherlands
416,FC Volendam,Netherlands
417,Waalwijk,Netherlands
420,Cambuur,Netherlands
426,Sparta Rotterdam,Netherlands
335,Miedz Legnica,Poland
336,Jagiellonia,Poland
337,Slask Wroclaw,Poland
339,Legia Warszawa,Poland
340,Gornik Zabrze,Poland
341,Wisla Plock,Poland
343,Lechia Gdansk,Poland
345,Zaglebie Lubin,Poland
346,Korona Kielce,Poland
347,Lech Poznan,Poland
348,Pogon Szczecin,Poland
349,Piast Gliwice,Poland
350,Cracovia Krakow,Poland
3491,Raków Częstochowa,Poland
3493,Stal Mielec,Poland
3496,Warta Poznań,Poland
4248,Radomiak Radom,Poland
6962,Widzew Łódź,Poland
211,Benfica,Portugal
212,FC Porto,Portugal
214,Maritimo,Portugal
216,Portimonense,Portugal
217,SC Braga,Portugal
222,Boavista,Portugal
223,Chaves,Portugal
224,Guimaraes,Portugal
226,Rio Ave,Portugal
227,Santa Clara,Portugal
228,Sporting CP,Portugal
230,Estoril,Portugal
234,Pacos Ferreira,Portugal
240,Arouca,Portugal
242,Famalicao,Portugal
762,GIL Vicente,Portugal
810,Vizela,Portugal
4716,Casa Pia,Portugal
33,Manchester United,England
34,Newcastle,England
35,Bournemouth,England
36,Fulham,England
39,Wolves,England
40,Liverpool,England
41,Southampton,England
42,Arsenal,England
45,Everton,England
46,Leicester,England
47,Tottenham,England
48,West Ham,England
49,Chelsea,England
50,Manchester City,England
51,Brighton,England
52,Crystal Palace,England
55,Brentford,England
63,Leeds,England
65,Nottingham Forest,England
66,Aston Villa,England
2895,Al Sadd,Qatar
2896,Al Ahli Doha,Qatar
2897,Al-Rayyan SC,Qatar
2898,Al-Sailiya,Qatar
2899,UMM Salal,Qatar
2900,Al Wakrah,Qatar
2903,Al-Gharafa,Qatar
2904,Al-Duhail SC,Qatar
2905,Al-Arabi SC,Qatar
2907,Qatar SC,Qatar
2908,Al-Markhiya,Qatar
2916,Al Shamal,Qatar
555,CSKA Moscow,Russia
558,Spartak Moscow,Russia
596,Zenit Saint Petersburg,Russia
597,Lokomotiv Moscow,Russia
621,Krasnodar,Russia
779,FC Rostov,Russia
1079,Krylya Sovetov,Russia
1080,Orenburg,Russia
1084,Ural,Russia
1085,Akhmat Grozny,Russia
1088,Dinamo Moscow,Russia
1993,Fakel Voronezh,Russia
1994,Khimki,Russia
2011,Nizhny Novgorod,Russia
2012,PFC Sochi,Russia
3985,Torpedo Moskva,Russia
2926,Al Baten,Saudi Arabia
2928,Al Khaleej Saihat,Saudi Arabia
2931,Al-Fateh,Saudi Arabia
2932,Al-Hilal Saudi FC,Saudi Arabia
2934,Al-Ettifaq,Saudi Arabia
2935,Al-Raed,Saudi Arabia
2936,Al Taawon,Saudi Arabia
2937,Al Wehda Club,Saudi Arabia
2938,Al-Ittihad FC,Saudi Arabia
2939,Al-Nassr,Saudi Arabia
2940,Al Shabab,Saudi Arabia
2942,Al Taee,Saudi Arabia
2944,Al-Fayha,Saudi Arabia
2950,Al-Adalah,Saudi Arabia
2951,Abha,Saudi Arabia
2956,Dhamk,Saudi Arabia
2927,Najran,Saudi Arabia
2929,Al-Ahli Jeddah,Saudi Arabia
2930,Al-Faisaly FC,Saudi Arabia
2933,Al-Qadisiyah FC,Saudi Arabia
2943,Ohod,Saudi Arabia
2945,Al-Hazm,Saudi Arabia
2947,Jeddah Club,Saudi Arabia
2948,Hajer,Saudi Arabia
2957,Al Shoalah,Saudi Arabia
2958,Al Jabalain,Saudi Arabia
2959,Al Qaisoma,Saudi Arabia
2961,Al Orubah,Saudi Arabia
2971,Al Arabi SC,Saudi Arabia
2977,Al Akhdoud,Saudi Arabia
10509,Al Kholood,Saudi Arabia
10511,Al Riyadh,Saudi Arabia
13170,Al-Ain,Saudi Arabia
15362,Al Sahel,Saudi Arabia
247,Celtic,Scotland
249,Hibernian,Scotland
250,Kilmarnock,Scotland
251,ST Mirren,Scotland
252,Aberdeen,Scotland
254,Heart OF Midlothian,Scotland
255,Livingston,Scotland
256,Motherwell,Scotland
257,Rangers,Scotland
258,ST Johnstone,Scotland
902,Ross County,Scotland
1386,Dundee Utd,Scotland
534,Las Palmas,Spain
535,Malaga,Spain
537,Leganes,Spain
539,Levante,Spain
542,Alaves,Spain
545,Eibar,Spain
715,Granada CF,Spain
716,Lugo,Spain
718,Oviedo,Spain
719,Tenerife,Spain
722,Albacete,Spain
726,Huesca,Spain
731,Sporting Gijon,Spain
732,Zaragoza,Spain
799,Mirandes,Spain
4665,Racing Santander,Spain
4907,Ponferradina,Spain
5262,FC Cartagena,Spain
8157,FC Andorra,Spain
9390,Ibiza,Spain
9580,Burgos,Spain
9595,Villarreal II,Spain
573,FK Partizan,Serbia
598,FK Crvena Zvezda,Serbia
699,Mladost Lucani,Serbia
702,Vojvodina,Serbia
2251,FK Spartak Zdrepceva KRV,Serbia
2254,Radnicki NIS,Serbia
2636,Kolubara,Serbia
2643,Novi Pazar,Serbia
2644,Radnicki 1923,Serbia
2646,TSC Backa Topola,Serbia
2653,Javor,Serbia
2655,Napredak,Serbia
2656,Cukaricki,Serbia
2657,Radnik Surdulica,Serbia
2658,FK Vozdovac,Serbia
14261,Mladost Novi Sad,Serbia
487,Lazio,Italy
488,Sassuolo,Italy
489,AC Milan,Italy
492,Napoli,Italy
494,Udinese,Italy
496,Juventus,Italy
497,AS Roma,Italy
498,Sampdoria,Italy
499,Atalanta,Italy
500,Bologna,Italy
502,Fiorentina,Italy
503,Torino,Italy
504,Verona,Italy
505,Inter,Italy
511,Empoli,Italy
514,Salernitana,Italy
515,Spezia,Italy
520,Cremonese,Italy
867,Lecce,Italy
1579,Monza,Italy
490,Cagliari,Italy
493,Spal,Italy
495,Genoa,Italy
506,Benevento,Italy
507,Ascoli,Italy
508,Bari,Italy
510,Cittadella,Italy
512,Frosinone,Italy
516,Ternana,Italy
517,Venezia,Italy
518,Brescia,Italy
522,Palermo,Italy
523,Parma,Italy
524,Perugia,Italy
801,Pisa,Italy
895,Como,Italy
899,Modena,Italy
1578,Sudtirol,Italy
1692,Reggina,Italy
10137,Cosenza,Italy
2746,Gangwon FC,South Korea
2747,Daegu FC,South Korea
2748,FC Anyang,South Korea
2750,Daejeon Citizen,South Korea
2756,Suwon City FC,South Korea
2757,Seongnam FC,South Korea
2761,Jeju United FC,South Korea
2762,Jeonbuk Motors,South Korea
2763,Incheon United,South Korea
2764,Pohang Steelers,South Korea
2765,Suwon Bluewings,South Korea
2766,FC Seoul,South Korea
2767,Ulsan Hyundai FC,South Korea
2768,Gimcheon Sangmu FC,South Korea
2745,Bucheon FC 1995,South Korea
2748,FC Anyang,South Korea
2749,Seoul E-Land FC,South Korea
2750,Daejeon Citizen,South Korea
2751,Gyeongnam FC,South Korea
2752,Busan I Park,South Korea
2753,Asan Mugunghwa,South Korea
2758,Ansan Greeners,South Korea
2759,Gwangju FC,South Korea
2760,Jeonnam Dragons,South Korea
7078,Gimpo Citizen,South Korea
551,FC Basel 1893,Switzerland
565,BSC Young Boys,Switzerland
606,FC Lugano,Switzerland
630,FC Sion,Switzerland
644,FC Luzern,Switzerland
783,FC Zurich,Switzerland
1011,FC ST. Gallen,Switzerland
1013,Grasshoppers,Switzerland
2180,FC Winterthur,Switzerland
2184,Servette FC,Switzerland
980,ES Tunis,Tunisia
981,CA Bizertin,Tunisia
983,CS Sfaxien,Tunisia
984,ES Metlaoui,Tunisia
986,US Ben Guerdane,Tunisia
988,Club Africain,Tunisia
990,ES Sahel,Tunisia
991,Stade Tunisien,Tunisia
992,US Monastirienne,Tunisia
1190,US Tataouine,Tunisia
6252,CS Chebba,Tunisia
6253,AS Soliman,Tunisia
10606,EO Sidi Bouzid,Tunisia
10609,ES Hammam-Sousse,Tunisia
10625,Olympique Béja,Tunisia
10628,AS Rejiche,Tunisia
549,Besiktas,Turkey
564,Istanbul Basaksehir,Turkey
607,Konyaspor,Turkey
611,Fenerbahce,Turkey
645,Galatasaray,Turkey
996,Alanyaspor,Turkey
998,Trabzonspor,Turkey
1001,Kayserispor,Turkey
1002,Sivasspor,Turkey
1004,Kasimpasa,Turkey
1005,Antalyaspor,Turkey
1010,Ankaragucu,Turkey
3563,Adana Demirspor,Turkey
3573,Gazişehir Gaziantep,Turkey
3574,Giresunspor,Turkey
3575,Hatayspor,Turkey
3577,Ümraniyespor,Turkey
3578,İstanbulspor,Turkey
3589,Fatih Karagümrük,Turkey
2865,Al Ain,UAE
2867,Dibba Al-Fujairah,UAE
2870,Shabab Al Ahli Dubai,UAE
2871,Al-Jazira,UAE
2872,Al-Wasl FC,UAE
2873,Al-Dhafra,UAE
2874,Sharjah FC,UAE
2875,Al Wahda FC,UAE
2876,Al-Ittihad Kalba,UAE
2877,Baniyas SC,UAE
2879,Ajman,UAE
4912,Al Khaleej,UAE
9136,Al Bataeh,UAE
10155,Al Nasr,UAE
1595,Seattle Sounders,USA
1596,San Jose Earthquakes,USA
1597,FC Dallas,USA
1598,Orlando City SC,USA
1599,Philadelphia Union,USA
1600,Houston Dynamo,USA
1601,Toronto FC,USA
1602,New York Red Bulls,USA
1603,Vancouver Whitecaps,USA
1604,New York City FC,USA
1605,Los Angeles Galaxy,USA
1606,Real Salt Lake,USA
1607,Chicago Fire,USA
1608,Atlanta United FC,USA
1609,New England Revolution,USA
1610,Colorado Rapids,USA
1611,Sporting Kansas City,USA
1612,Minnesota United FC,USA
1613,Columbus Crew,USA
1614,Montreal Impact,USA
1615,DC United,USA
1616,Los Angeles FC,USA
1617,Portland Timbers,USA
2242,FC Cincinnati,USA
9568,Inter Miami,USA
9569,Nashville SC,USA
16489,Austin,USA
18310,Charlotte,USA
2348,Penarol,Uruguay
2350,Defensor Sporting,Uruguay
2351,CA River Plate,Uruguay
2352,Danubio,Uruguay
2355,Plaza Colonia,Uruguay
2356,Club Nacional,Uruguay
2357,Fenix,Uruguay
2358,Liverpool Montevideo,Uruguay
2360,Wanderers,Uruguay
2361,Boston River,Uruguay
2365,Atletico Torque,Uruguay
2367,Cerrito,Uruguay
2369,Cerro Largo,Uruguay
2370,Deportivo Maldonado,Uruguay
2371,Rentistas,Uruguay
2378,Albion FC,Uruguay
